com.android.browser.permission.WRITE_HISTORY_BOOKMARKS,android.permission.SYSTEM_ALERT_WINDOW,android.permission.WRITE_SETTINGS,android.permission.SEND_SMS,android.permission.RECEIVE_BOOT_COMPLETED,android.permission.READ_PHONE_STATE,android.permission.CAMERA,android.permission.READ_EXTERNAL_STORAGE,android.permission.READ_SMS,android.permission.MOUNT_UNMOUNT_FILESYSTEMS,substring,getMemoryInfo,sendTextMessage,getSubscriberId,getLine1Number,loadClass,obtainMessage,getDocumentElement,db,class
0,0,0,0,0,0,0,1,0,0,1,1,0,1,1,1,1,0,1,0
0,1,0,0,0,1,0,0,0,1,0,0,0,0,0,1,0,0,0,0
0,0,0,0,0,0,0,0,0,0,1,0,0,0,0,1,1,0,0,0
0,0,1,1,0,1,0,0,0,1,1,1,0,1,0,1,1,1,1,0
0,1,1,0,1,1,0,0,0,0,0,0,0,0,0,1,0,0,0,0
0,1,1,0,0,1,0,1,0,1,0,0,0,0,0,1,0,0,0,0
0,1,1,0,1,1,1,1,0,1,0,0,0,0,0,1,0,0,0,0
0,1,1,1,1,1,1,0,0,1,1,1,1,1,1,1,1,1,1,0
0,0,0,0,0,1,1,0,0,0,1,0,0,0,0,1,1,1,0,0
0,1,1,1,1,1,1,0,1,0,1,0,0,1,1,1,1,0,1,0
0,1,0,1,1,1,1,1,0,1,0,0,0,0,0,1,0,0,0,0
0,1,1,0,1,1,1,0,0,1,0,0,0,0,0,1,0,0,0,0
0,1,1,1,1,1,1,1,0,1,0,0,0,0,0,1,0,0,0,0
0,1,1,0,1,1,0,0,0,1,1,0,0,1,0,0,1,1,1,0
0,0,0,0,1,0,0,0,0,0,0,0,0,0,0,0,1,0,0,1
0,0,0,0,0,0,1,0,0,0,1,0,0,0,0,0,0,0,0,1
0,0,0,1,0,1,0,1,1,0,1,0,1,0,1,0,0,0,0,1
1,0,1,1,1,1,0,0,0,0,1,0,1,1,1,0,0,0,1,1
0,0,0,1,0,0,0,0,0,0,1,0,1,0,0,0,0,0,0,1
1,0,0,0,1,1,1,0,1,0,1,0,0,0,1,0,1,1,1,1
1,0,0,0,1,1,0,0,0,0,1,0,0,0,1,1,0,0,0,1
0,0,0,1,1,1,0,0,1,0,1,0,0,1,0,1,1,1,0,1
1,0,0,1,0,1,0,0,1,1,1,0,1,1,1,0,0,1,0,1
0,0,0,0,1,1,0,0,0,0,1,1,0,1,0,0,1,1,0,1
0,0,0,0,1,1,0,0,0,0,1,0,0,1,1,1,0,0,0,1
1,0,1,1,1,1,0,0,0,0,1,0,1,1,1,0,0,0,1,1
0,0,0,1,0,1,0,0,0,0,1,0,1,0,1,0,0,0,0,1
0,0,0,1,0,0,0,0,0,0,0,0,1,0,0,0,1,0,0,1
1,0,0,0,1,1,1,0,0,0,1,0,0,0,1,0,0,0,1,1
0,0,0,1,0,1,0,0,0,0,0,0,0,0,0,0,0,0,0,1
0,0,0,0,0,0,0,0,1,0,1,0,0,1,0,0,0,1,0,1
1,0,0,0,1,1,0,0,0,0,1,0,0,0,0,0,1,0,0,1
0,0,0,1,0,1,0,0,0,0,0,0,1,0,1,0,0,0,0,1
1,0,0,0,1,1,0,0,0,0,1,0,0,0,1,0,0,1,1,1
0,0,0,1,0,1,0,0,0,0,1,0,1,0,0,0,0,0,0,1
0,0,0,0,0,1,0,0,0,0,1,0,1,0,0,0,1,1,1,1
1,0,0,0,1,1,0,0,0,0,1,0,0,0,1,0,0,1,1,1
1,0,0,0,1,1,0,0,0,0,1,0,0,0,1,0,0,1,1,1
0,0,0,0,0,1,0,1,0,0,1,1,0,1,1,0,0,0,1,1
0,0,0,1,1,1,0,0,0,0,0,0,0,1,0,0,0,0,0,1
0,0,0,1,1,1,0,0,1,0,1,0,0,1,0,1,1,1,0,1
0,0,0,0,0,1,0,0,1,0,1,0,0,1,1,0,1,0,1,1
1,0,0,0,0,1,0,0,0,0,1,1,0,0,1,1,1,1,1,1
0,0,0,1,0,1,0,0,0,0,1,0,1,0,1,0,0,0,0,1
0,1,1,0,1,1,1,1,0,1,0,0,0,0,0,1,0,0,0,0
0,1,1,0,1,1,1,1,0,1,0,0,0,0,0,1,0,0,0,0
0,1,1,0,0,1,1,0,0,0,0,0,0,0,0,1,0,0,0,0
0,0,1,1,1,1,1,1,1,1,1,1,0,1,1,1,1,0,1,0
0,1,1,0,1,1,1,1,0,1,1,1,0,1,1,1,1,0,1,0
0,1,1,0,1,1,1,1,0,1,1,0,0,0,0,1,1,0,0,0
0,1,1,1,1,1,1,1,1,1,0,0,0,0,0,1,0,0,0,0
0,1,1,1,1,1,1,1,1,1,0,0,0,0,0,1,0,0,0,0
0,1,1,1,1,1,1,0,1,0,0,0,0,0,0,1,0,0,0,0
0,0,1,0,1,1,1,1,0,1,1,0,1,1,1,1,1,0,1,0
0,1,1,0,1,1,1,1,0,1,1,1,0,1,0,1,0,0,0,0
0,0,0,0,0,1,0,0,0,0,1,0,0,1,0,1,1,0,0,0
0,1,1,0,1,1,1,0,0,0,0,0,0,0,0,1,0,0,0,0
0,1,1,0,0,1,1,1,0,1,0,0,0,0,0,1,0,0,0,0
0,1,1,1,1,1,1,1,1,1,1,1,1,1,1,1,1,0,1,0
0,1,1,0,1,1,1,1,0,1,0,0,0,0,0,1,0,0,0,0
0,1,1,0,1,1,1,1,0,0,1,1,1,1,1,1,1,0,1,0
0,0,0,0,0,1,0,0,0,0,1,1,0,0,0,1,1,0,1,0
0,0,0,0,0,0,0,0,0,1,1,0,0,0,0,1,1,0,0,0
0,0,0,0,0,1,0,1,0,1,1,0,0,1,0,1,0,0,0,0
0,0,0,0,0,1,0,0,0,1,1,0,0,1,0,1,1,0,1,0
0,1,1,0,1,1,1,1,0,1,0,0,0,0,0,1,0,0,0,0
0,1,1,1,1,1,1,1,1,1,0,0,0,0,0,1,0,0,0,0
0,0,1,1,1,1,0,0,1,0,1,0,1,0,0,0,1,0,0,1
0,0,0,1,0,0,0,0,0,0,1,0,1,0,0,0,0,0,0,1
0,0,0,0,0,0,0,0,0,0,1,0,1,0,0,1,0,1,0,1
0,0,0,0,1,1,0,1,0,0,1,1,0,1,1,0,0,0,1,1
0,0,0,1,0,0,0,0,0,0,1,0,0,0,0,0,0,0,0,1
0,0,0,1,1,1,0,0,0,0,1,0,1,1,1,0,0,0,0,1
0,1,1,1,1,1,0,0,1,0,1,0,0,0,0,0,0,0,0,1
0,1,0,1,0,1,0,0,0,0,1,0,0,1,0,0,0,0,0,1
0,0,1,1,1,1,0,0,1,0,1,0,1,0,0,0,1,0,0,1
0,0,0,1,1,1,0,0,1,0,1,0,0,1,0,1,1,1,0,1
0,1,1,0,0,1,1,1,0,1,1,1,0,1,1,1,1,1,1,0
0,1,1,0,1,1,1,1,0,1,1,1,0,1,1,1,1,1,1,0
0,1,1,0,0,1,1,1,0,1,1,1,0,1,0,1,1,1,1,0
0,1,1,0,1,1,1,1,1,1,1,1,0,1,0,1,1,1,1,0
0,1,1,1,1,1,1,1,1,0,1,1,0,1,1,1,1,1,1,0
0,0,0,0,0,1,0,0,1,0,1,0,0,1,1,0,1,0,1,1
0,0,0,0,0,1,0,0,1,0,1,0,1,1,1,0,1,0,0,1
0,0,0,1,1,1,1,0,0,0,0,0,1,0,1,0,0,0,0,1
0,0,0,1,0,1,1,0,1,0,0,0,0,0,1,0,0,0,0,1
0,0,0,1,0,1,0,0,1,0,1,0,1,0,0,0,0,0,0,1
0,1,1,1,1,1,1,1,1,1,1,1,0,1,1,1,1,0,1,0
0,1,1,1,1,1,1,1,0,1,1,1,1,1,0,1,1,0,1,0
0,1,1,0,1,1,1,1,0,1,1,0,0,1,1,1,1,0,1,0
0,1,1,1,1,1,1,1,0,1,1,1,1,1,1,1,1,1,1,0
0,1,1,1,1,1,1,1,1,1,1,1,1,1,1,1,1,1,1,0
0,0,0,0,0,0,1,0,0,0,1,1,0,0,0,1,1,0,1,0
0,1,1,0,1,1,1,1,0,1,1,1,0,1,1,1,1,0,1,0
0,1,1,0,0,1,1,1,0,0,1,0,0,1,1,1,1,0,1,0
0,1,1,0,1,1,1,0,0,1,0,0,0,0,0,1,0,0,0,0
0,1,1,0,0,1,1,1,1,1,0,0,0,0,0,1,0,0,0,0
0,1,1,1,1,1,1,1,1,1,1,1,0,1,1,1,1,1,1,0
0,0,0,0,0,0,0,0,0,0,1,0,0,0,0,1,0,0,0,0
0,1,1,0,0,1,1,1,0,1,0,0,0,0,0,1,0,0,0,0
0,1,1,1,1,1,1,1,1,1,0,0,0,0,0,1,0,0,0,0
0,1,1,1,1,1,1,1,1,1,1,1,1,1,1,1,1,0,1,0
0,1,1,0,1,1,1,1,1,0,1,1,0,1,1,1,1,1,1,0
0,1,1,0,1,1,1,1,0,1,0,0,0,0,0,1,0,0,0,0
0,1,1,1,1,1,1,1,1,1,0,0,0,0,0,1,0,0,0,0
0,1,1,0,1,1,1,0,0,1,0,0,0,0,0,1,0,0,0,0
0,1,1,1,1,1,1,1,1,1,1,1,0,1,0,1,1,0,1,0
0,0,1,0,1,1,0,1,0,0,1,1,0,1,0,1,1,0,1,0
0,1,1,0,0,1,0,1,0,1,0,0,0,0,0,1,0,0,0,0
0,0,0,0,0,1,0,0,0,1,1,0,0,1,1,1,1,0,0,0
0,0,0,0,0,0,0,0,0,0,1,0,0,0,0,0,0,0,0,0
0,1,1,0,1,1,1,0,1,1,0,0,0,0,0,1,0,0,0,0
0,1,1,1,1,1,1,1,0,1,0,0,0,0,0,0,0,0,0,0
0,1,1,0,1,1,1,1,0,1,0,0,0,0,0,1,0,0,0,0
0,1,1,0,1,1,1,1,0,1,0,0,0,0,0,1,0,0,0,0
0,1,1,1,1,1,0,1,1,1,0,0,0,0,0,1,0,0,0,0
0,1,1,0,0,1,0,0,0,1,0,0,0,0,0,1,0,0,0,0
0,1,1,0,1,1,1,1,0,0,0,0,0,0,0,1,0,0,0,0
0,0,0,0,0,0,0,0,0,0,1,0,0,0,0,0,0,0,0,0
0,1,1,0,1,1,0,1,0,0,0,0,0,0,0,1,0,0,0,0
0,1,1,0,1,1,1,1,0,1,0,0,0,0,0,1,0,0,0,0
0,1,1,1,1,1,1,1,0,1,0,0,0,0,0,1,0,0,0,0
0,0,1,0,0,1,0,0,0,0,1,0,0,1,0,0,1,0,0,0
0,1,1,1,0,1,0,1,1,1,0,0,0,0,0,1,0,0,0,0
0,1,1,0,0,1,1,1,0,1,0,0,0,0,0,1,0,0,0,0
1,1,1,1,1,1,1,1,1,1,0,0,0,0,0,1,0,0,0,0
0,1,0,0,1,1,1,1,0,0,0,0,0,0,0,1,0,0,0,0
0,1,0,0,1,1,1,1,1,0,0,0,0,0,0,1,0,0,0,0
0,0,1,0,0,0,0,0,0,0,1,0,0,0,0,1,1,0,1,0
0,1,0,0,1,1,1,0,1,0,0,0,0,0,0,1,0,0,0,0
0,1,1,0,1,1,1,1,0,1,0,0,0,0,0,1,0,0,0,0
0,1,1,0,1,1,0,1,0,1,0,0,0,0,0,1,0,0,0,0
0,1,1,0,1,1,1,1,0,1,0,0,0,0,0,1,0,0,0,0
0,1,1,0,0,1,0,1,0,1,0,0,0,0,0,1,0,0,0,0
0,1,1,0,1,1,1,0,0,1,0,0,0,0,0,1,0,0,0,0
0,1,1,1,1,1,0,1,0,1,0,0,0,0,0,1,0,0,0,0
0,1,1,0,0,1,1,1,0,1,0,0,0,0,0,1,0,0,0,0
0,1,1,0,0,1,1,1,0,1,0,0,0,0,0,1,0,0,0,0
0,1,1,0,0,1,0,0,0,1,0,0,0,0,0,1,0,0,0,0
0,1,1,1,1,1,1,1,1,1,1,1,0,1,0,1,0,0,0,0
0,0,1,0,1,1,0,0,0,0,1,0,0,0,0,0,1,0,0,0
0,1,1,0,1,1,1,1,0,1,0,0,0,0,0,1,0,0,0,0
0,1,0,0,1,1,1,1,0,1,0,0,0,0,0,1,0,0,0,0
0,1,1,0,1,1,0,1,0,0,0,0,0,0,0,1,0,0,0,0
0,1,1,0,1,1,1,1,1,1,0,0,0,0,0,1,0,0,0,0
0,1,1,0,0,1,1,1,0,1,0,0,0,0,0,1,0,0,0,0
0,1,1,1,1,1,1,1,0,1,0,0,0,0,0,1,0,0,0,0
0,1,1,0,0,1,1,0,0,1,0,0,0,0,0,1,0,0,0,0
0,1,1,0,0,1,0,0,0,0,0,0,0,0,0,0,0,0,0,0
0,1,0,0,0,1,1,0,0,1,0,0,0,0,0,1,0,0,0,0
0,1,0,1,0,0,1,0,0,0,0,0,1,0,0,0,1,0,0,1
0,0,1,1,1,1,1,0,0,1,1,1,0,1,0,1,1,0,1,0
0,1,1,0,1,1,0,1,0,1,1,1,0,1,1,1,1,0,1,0
0,0,1,1,1,1,1,1,1,1,1,1,1,1,1,1,1,1,1,0
0,1,1,0,1,1,1,1,1,1,1,1,0,1,1,1,1,0,1,0
0,1,1,0,1,1,1,1,0,1,1,1,0,1,1,1,1,0,1,0
0,0,0,0,0,1,0,0,0,0,1,1,0,0,0,1,1,0,1,0
0,1,1,0,1,1,1,1,1,1,1,1,0,1,1,1,1,0,1,0
0,1,1,0,1,1,0,1,0,1,1,1,0,1,1,1,1,0,1,0
0,1,1,0,1,1,1,1,0,1,1,1,0,1,0,1,1,1,1,0
0,1,1,1,1,1,1,1,1,1,1,1,1,1,1,1,1,0,1,0
0,0,1,0,1,1,1,1,1,1,1,1,1,1,1,1,1,0,1,0
0,1,1,0,1,1,1,1,1,1,1,1,0,1,1,1,1,0,1,0
0,0,1,1,1,1,1,1,1,0,1,1,0,1,1,1,1,0,1,0
0,1,0,0,0,1,1,0,0,0,1,1,1,0,0,1,1,0,1,0
0,1,1,1,1,1,1,0,0,1,1,1,1,1,1,1,1,1,1,0
0,0,1,1,1,1,1,1,1,1,1,1,0,1,0,1,1,0,1,0
0,1,1,0,1,1,1,1,0,1,1,1,0,1,0,1,1,0,1,0
0,0,0,0,0,0,1,0,0,0,1,1,0,0,0,1,1,0,1,0
0,1,1,0,1,1,0,0,0,1,1,0,0,1,1,1,1,0,0,0
0,1,1,0,1,1,1,1,1,1,1,0,0,1,0,1,1,0,1,0
0,1,1,0,1,1,1,1,0,1,1,1,0,1,1,1,1,0,1,0
0,1,1,1,1,1,1,0,0,1,1,1,1,1,1,1,1,1,1,0
0,1,1,0,1,1,0,1,0,1,1,1,0,1,0,1,1,0,0,0
0,1,0,0,1,0,0,0,0,0,1,0,0,0,0,1,1,0,0,0
0,1,1,1,1,1,1,1,1,1,1,1,1,1,1,1,1,0,1,0
0,1,0,0,0,1,0,0,0,0,1,0,0,1,1,1,1,0,1,0
0,1,1,1,1,1,0,1,1,1,1,1,0,1,1,1,1,0,1,0
0,0,0,0,0,0,0,0,0,1,1,0,0,0,0,0,1,0,0,0
0,0,0,0,0,0,1,1,0,0,1,1,0,0,0,1,1,0,1,0
0,0,1,1,1,1,0,0,1,1,1,0,0,0,0,1,1,0,1,0
0,1,1,0,1,1,1,1,0,1,1,1,0,1,0,0,0,0,0,0
0,1,1,0,0,1,1,1,1,1,0,0,0,0,0,1,0,0,0,0
0,1,1,1,1,1,1,0,1,0,0,0,0,0,0,1,0,0,0,0
0,1,1,0,0,1,1,1,0,1,0,0,0,0,0,1,0,0,0,0
0,1,1,1,1,1,1,1,1,0,0,0,0,0,0,1,0,0,0,0
0,1,1,0,1,1,1,1,0,1,0,0,0,0,0,1,0,0,0,0
0,1,0,0,0,1,0,0,0,0,1,0,0,1,0,1,1,0,1,0
0,1,1,0,1,1,1,1,0,1,0,0,0,0,0,1,0,0,0,0
0,1,0,0,0,1,1,0,0,1,0,0,0,0,0,1,0,0,0,0
0,1,1,0,1,1,1,0,0,0,0,0,0,0,0,0,0,0,0,0
0,1,0,0,1,1,1,1,0,0,0,0,0,0,0,1,0,0,0,0
0,1,0,1,1,1,1,1,0,1,0,0,0,0,0,1,0,0,0,0
0,1,1,0,0,1,1,1,0,0,0,0,0,0,0,1,0,0,0,0
0,1,1,0,1,1,1,1,0,0,0,0,0,0,0,1,0,0,0,0
0,1,0,0,0,1,1,1,0,1,0,0,0,0,0,0,0,0,0,0
0,1,1,0,1,1,1,1,1,1,0,0,0,0,0,1,0,0,0,0
0,1,0,0,0,1,0,0,0,0,1,0,0,1,0,1,0,0,1,0
0,1,1,1,1,1,1,1,1,1,0,0,0,0,0,1,0,0,0,0
0,1,1,1,1,1,1,1,1,1,0,0,0,0,0,1,0,0,0,0
0,1,1,0,1,1,1,1,0,1,0,0,0,0,0,1,0,0,0,0
0,1,1,1,1,1,1,1,0,1,0,0,0,0,0,1,0,0,0,0
0,0,0,0,0,0,1,0,0,0,0,0,0,0,0,0,0,0,0,0
0,1,1,0,1,1,0,0,0,1,0,0,0,0,0,1,0,0,0,0
0,0,0,0,0,1,0,0,0,0,1,1,0,0,0,1,1,0,1,0
0,1,1,0,1,1,1,1,0,1,1,1,0,1,1,1,1,1,1,0
0,1,1,1,1,1,1,1,1,1,1,1,1,1,1,1,1,0,1,0
0,1,1,0,1,1,1,1,1,1,1,0,0,1,0,1,1,0,0,0
0,0,0,0,1,0,0,0,0,0,1,0,0,0,0,1,1,0,0,0
0,1,1,1,1,1,1,0,0,1,1,1,0,1,0,1,1,0,1,0
0,0,1,0,1,1,1,0,0,0,1,1,0,1,1,1,1,0,1,0
0,0,0,0,1,0,0,0,0,0,1,1,0,0,0,1,1,0,1,0
0,1,1,1,1,1,1,1,1,1,1,1,1,1,1,1,1,0,1,0
0,1,1,1,1,1,1,1,0,1,1,1,1,1,1,1,1,0,1,0
0,1,1,1,1,1,1,1,0,1,1,1,1,1,0,1,1,0,1,0
0,0,1,0,0,1,1,1,1,1,1,1,0,1,1,1,1,0,1,0
0,1,1,0,1,1,1,1,0,1,1,1,0,1,1,1,1,1,1,0
0,1,1,0,1,1,1,1,0,1,1,0,0,1,0,1,1,0,1,0
0,1,1,0,1,1,1,1,0,1,1,1,0,1,1,1,1,0,1,0
0,0,0,0,0,1,0,0,0,0,1,0,0,1,1,1,1,0,1,0
0,0,1,0,1,1,1,1,0,0,1,1,0,1,1,1,1,0,1,0
0,0,1,1,1,1,1,1,1,1,1,1,1,1,1,1,1,1,1,0
0,1,0,0,1,1,1,1,0,0,1,1,0,1,1,1,1,0,1,0
0,1,1,1,1,1,0,1,1,1,1,1,0,1,1,1,1,0,1,0
0,0,0,0,0,0,0,0,0,0,1,1,0,0,0,1,1,0,1,0
0,1,1,1,1,1,1,1,1,1,1,1,1,1,1,1,1,1,1,0
0,1,1,0,1,1,1,1,0,1,0,0,0,0,0,1,0,0,0,0
0,1,1,1,1,1,1,1,1,1,1,1,0,1,1,1,1,1,1,0
0,1,1,0,0,1,0,1,0,1,0,0,0,0,0,1,0,0,0,0
0,1,1,0,0,1,1,1,1,1,0,0,0,0,0,1,0,0,0,0
0,1,1,0,0,1,1,0,0,1,1,0,0,0,0,1,1,0,0,0
0,1,1,1,1,1,1,0,1,0,0,0,0,0,0,1,0,0,0,0
0,1,1,1,1,1,1,1,1,1,1,1,1,1,1,1,1,0,1,0
0,1,0,0,1,1,0,0,0,0,1,1,0,1,1,1,1,0,1,0
0,0,0,0,0,1,0,0,0,0,1,1,0,1,0,1,1,0,1,0
0,1,0,0,1,1,1,0,0,1,0,0,0,0,0,1,0,0,0,0
0,0,1,0,1,1,0,0,0,1,1,0,1,1,0,1,1,1,1,0
0,0,0,1,1,1,1,1,1,1,1,1,0,1,1,1,1,1,1,0
0,0,1,1,1,1,0,0,1,1,1,0,0,0,0,0,0,0,0,0
0,1,1,0,1,1,1,1,0,1,0,0,0,0,0,1,0,0,0,0
0,0,0,0,0,1,0,1,0,0,1,0,0,1,0,1,1,0,1,0
0,1,1,1,1,1,1,1,1,1,1,0,0,0,0,1,1,0,1,0
0,1,1,0,1,1,1,1,0,1,0,0,0,0,0,1,0,0,0,0
0,1,1,1,0,1,1,1,1,1,1,0,0,1,0,1,1,0,1,0
0,1,1,0,1,1,0,0,0,1,1,0,0,1,0,1,1,0,1,0
0,0,0,0,0,1,1,0,0,1,1,0,0,0,0,1,1,0,1,0
0,1,1,1,1,1,1,1,0,0,0,0,0,0,0,1,0,0,0,0
0,0,1,0,1,1,1,0,0,1,0,0,0,0,0,1,0,0,0,0
0,1,1,1,1,1,1,0,1,1,1,1,0,1,1,1,1,1,1,0
0,0,1,1,1,1,1,0,0,1,1,0,1,1,1,1,1,0,1,0
0,1,0,0,1,1,1,1,1,1,0,0,0,0,0,1,0,0,0,0
0,0,1,0,1,1,1,0,0,1,1,1,0,1,1,1,1,1,1,0
0,1,1,0,1,1,1,0,1,1,1,1,0,1,1,1,1,0,1,0
0,1,1,0,1,1,1,1,0,1,1,1,0,1,1,1,1,0,1,0
0,1,0,0,1,1,1,1,1,1,1,1,0,1,1,1,1,0,1,0
0,1,1,0,1,1,0,1,0,1,0,0,0,0,0,1,0,0,0,0
0,0,0,1,1,1,1,0,1,1,1,1,0,1,1,1,1,0,1,0
0,1,1,1,1,1,0,0,1,0,1,0,0,0,0,0,0,0,0,1
1,0,0,1,0,1,0,0,1,1,1,0,1,1,1,0,1,1,0,1
0,0,0,1,0,1,0,0,0,0,1,0,1,0,1,0,0,0,0,1
0,0,0,1,1,1,0,0,0,0,1,0,0,0,0,0,0,0,0,1
0,0,0,0,0,1,0,0,0,0,1,0,1,0,0,0,1,1,1,1
0,0,0,1,0,1,0,0,1,0,0,0,1,0,1,0,0,0,0,1
1,0,0,1,0,1,0,0,1,1,1,0,1,1,1,0,1,1,0,1
0,0,0,0,0,0,0,0,0,0,1,0,0,0,0,0,0,0,0,1
0,0,0,0,1,1,1,0,0,0,1,0,0,1,1,0,0,0,0,1
0,0,0,1,0,1,0,0,0,0,1,0,1,0,1,0,0,0,0,1
0,0,0,0,1,1,0,0,0,0,1,0,0,1,1,0,0,1,0,1
0,0,0,1,0,1,0,0,1,0,1,0,0,0,0,1,0,0,0,1
1,0,0,0,0,1,0,0,1,0,1,0,0,0,0,1,0,0,0,1
0,0,0,1,1,1,0,0,0,0,0,0,1,1,0,0,0,0,0,1
0,0,0,0,0,1,0,0,1,0,1,0,0,1,1,0,1,0,1,1
1,0,0,0,1,1,0,0,0,0,1,0,0,0,1,0,1,0,0,1
0,0,0,1,0,0,0,0,1,0,0,0,1,0,0,0,0,0,0,1
0,0,0,1,0,1,0,0,0,0,0,0,1,0,0,0,0,0,0,1
0,0,0,0,0,1,0,0,0,0,1,0,0,1,1,0,0,1,0,1
1,0,0,0,1,1,0,0,0,0,1,0,0,0,0,1,1,0,0,1
1,0,0,0,0,1,0,0,0,0,1,0,0,0,0,0,0,0,0,1
0,0,0,0,0,1,0,0,0,0,1,0,1,0,0,0,1,1,1,1
1,0,0,0,0,1,1,0,0,0,1,1,0,1,0,0,1,0,1,1
0,0,0,1,0,1,0,0,1,0,1,0,1,0,0,0,0,0,0,1
0,0,0,1,1,1,0,0,1,0,1,0,0,1,0,1,1,1,0,1
1,0,0,0,1,1,1,0,0,0,1,0,0,0,1,0,1,0,0,1
0,0,0,0,0,1,0,0,0,1,1,0,0,1,0,0,0,0,0,1
0,0,1,1,1,1,0,0,0,0,1,0,1,1,1,0,0,0,0,1
0,0,0,1,1,1,0,0,0,0,1,0,0,0,0,0,0,0,0,1
0,0,0,0,1,1,0,1,0,0,1,1,0,1,1,0,0,0,1,1
0,0,0,1,1,1,0,0,0,0,0,0,0,1,0,0,0,0,0,1
0,0,0,1,0,1,0,0,1,0,1,0,1,0,0,0,0,0,0,1
0,0,0,0,1,1,0,1,0,0,1,1,0,1,1,0,1,0,1,1
1,0,0,0,1,1,0,0,0,0,1,0,0,0,1,0,1,0,0,1
1,0,0,0,1,1,0,0,0,0,1,0,0,1,1,0,1,0,0,1
0,0,0,1,1,1,0,0,1,0,1,0,1,1,0,1,1,1,0,1
0,0,0,0,1,1,0,0,1,0,1,0,0,1,0,0,1,1,0,1
0,0,0,0,1,1,0,0,0,0,1,1,0,1,1,0,0,0,1,1
1,0,0,0,0,1,0,0,0,0,1,0,0,0,0,0,0,1,0,1
0,0,0,1,0,1,0,0,0,0,1,0,1,0,1,0,0,0,0,1
0,0,0,1,0,1,0,0,0,0,1,0,0,0,1,0,0,0,0,1
0,0,0,0,0,0,0,0,0,0,1,0,0,0,0,0,0,0,1,1
0,0,0,0,1,1,0,0,1,0,1,0,0,1,0,0,1,1,0,1
0,0,1,0,0,1,1,0,0,0,1,0,0,1,0,0,1,1,0,1
0,0,0,1,1,1,0,0,0,0,0,0,1,1,1,0,0,0,0,1
1,0,0,0,0,1,0,0,0,0,1,0,0,0,0,0,0,1,0,1
0,1,1,1,1,1,0,0,1,0,1,0,0,0,0,0,0,0,0,1
0,0,0,1,0,1,0,0,0,0,1,0,1,0,1,0,0,0,0,1
0,0,0,0,0,1,0,0,0,0,1,0,0,0,0,0,1,0,0,1
0,0,0,1,0,1,0,0,1,0,1,0,1,0,0,0,0,0,0,1
0,0,0,0,0,1,0,0,0,0,1,0,0,0,0,0,0,0,0,1
1,0,1,0,1,1,0,0,0,0,1,0,0,0,0,0,0,0,0,1
0,0,0,0,0,1,0,0,0,0,1,0,0,1,1,0,1,0,0,1
1,0,0,0,1,1,0,0,0,0,1,0,0,0,0,0,0,0,1,1
0,0,0,0,0,1,0,1,0,0,1,1,0,1,1,0,0,0,1,1
1,0,0,1,1,1,1,0,1,0,1,0,0,0,0,0,1,1,0,1
0,0,0,1,1,1,0,0,1,1,1,0,1,0,1,0,0,0,1,1
0,0,0,0,0,1,0,0,0,0,0,0,0,0,1,0,0,0,0,1
0,0,0,1,1,1,0,0,1,0,1,0,1,1,0,0,0,1,0,1
0,0,0,0,0,1,0,0,1,0,1,0,0,1,0,0,0,1,0,1
0,0,0,0,1,1,0,0,0,0,1,1,0,1,1,0,1,0,1,1
0,0,0,1,0,1,0,0,1,0,1,0,1,0,0,0,0,0,0,1
1,0,0,0,1,1,0,0,0,0,1,0,0,0,1,0,1,0,0,1
0,0,0,0,1,1,0,0,0,0,1,0,0,0,1,0,0,0,0,1
0,0,0,1,1,1,0,0,1,0,1,0,0,1,0,1,1,1,0,1
1,0,0,0,1,1,0,0,0,0,1,0,0,0,0,0,0,0,0,1
0,0,0,1,1,1,0,0,1,1,1,0,1,0,1,0,0,0,1,1
0,0,0,0,0,1,0,0,0,0,1,0,1,1,1,0,0,0,0,1
1,0,0,0,1,1,0,0,1,0,1,0,0,0,1,1,1,1,0,1
0,0,0,1,0,1,0,0,0,0,1,0,1,0,0,0,0,0,0,1
0,0,0,1,1,1,0,0,1,0,1,0,1,1,0,0,0,0,0,1
0,0,0,1,0,0,0,0,0,0,1,0,1,0,0,0,0,0,0,1
0,0,0,1,0,0,0,0,1,0,0,0,1,0,0,0,0,0,0,1
0,0,0,0,0,1,0,0,0,0,1,0,1,1,1,0,1,0,0,1
0,0,1,0,1,1,0,0,0,0,1,0,0,1,0,0,1,1,0,1
0,0,1,1,0,1,0,0,1,0,1,0,1,1,0,0,0,0,0,1
0,0,0,1,0,1,0,0,1,0,1,0,1,0,1,0,0,0,0,1
0,0,0,0,1,0,0,0,0,0,1,0,0,0,0,0,0,0,0,1
1,0,0,0,1,1,0,0,0,0,1,0,0,0,1,0,0,1,1,1
0,0,0,1,0,1,1,0,1,0,0,0,0,0,1,0,0,0,0,1
0,0,0,1,0,1,0,0,1,0,0,0,0,0,1,0,0,0,0,1
0,0,0,0,0,1,0,0,0,0,1,0,0,1,1,0,0,0,0,1
0,0,0,1,0,1,0,0,1,0,1,0,1,1,0,0,1,0,1,1
0,1,0,0,0,1,0,0,0,0,1,0,0,1,1,0,1,0,1,1
0,0,1,1,1,1,0,0,1,0,1,0,1,0,0,0,1,0,0,1
0,0,0,1,0,0,0,0,1,0,0,0,1,0,0,0,0,0,0,1
0,0,0,0,1,0,0,0,0,0,1,0,0,0,0,0,0,0,0,1
0,0,0,1,1,1,0,0,1,0,1,0,0,1,0,1,1,1,0,1
1,0,0,0,1,1,0,0,0,0,1,0,0,0,1,0,1,0,0,1
1,0,0,0,0,1,0,0,0,0,1,0,0,0,0,0,0,0,0,1
0,0,0,1,0,0,0,0,0,0,1,0,1,0,0,0,0,0,0,1
0,0,0,1,1,1,0,0,1,0,1,0,0,1,0,1,1,1,0,1
1,0,0,0,1,1,0,0,0,0,1,0,0,0,1,0,1,0,1,1
0,0,0,0,1,1,0,1,1,0,1,1,0,1,1,0,0,0,1,1
0,0,0,0,0,1,0,0,1,0,1,0,0,1,0,0,1,0,0,1
0,0,0,1,1,1,0,0,0,0,1,0,0,0,0,0,0,0,0,1
0,0,0,0,1,1,0,0,0,0,1,1,0,1,1,0,0,0,1,1
0,0,0,1,0,0,0,0,0,0,1,0,0,0,0,0,0,0,0,1
0,0,0,1,0,0,0,0,0,0,0,0,1,0,0,0,0,0,0,1
0,0,0,0,0,0,0,0,0,0,1,0,0,0,0,0,0,0,0,1
0,0,0,1,0,1,0,1,1,0,1,0,1,0,0,0,1,0,0,1
0,0,0,1,1,1,0,0,0,0,1,0,0,1,1,0,0,0,0,1
1,0,0,0,1,1,0,0,0,0,1,0,0,0,1,1,1,0,0,1
0,0,0,0,0,0,0,0,0,0,1,0,0,0,0,0,0,0,0,1
0,0,0,1,0,1,0,0,0,0,1,0,1,0,0,0,0,0,0,1
1,0,0,0,0,1,0,0,0,0,1,0,0,0,0,1,0,0,0,1
0,0,0,0,0,1,0,0,1,0,1,0,0,1,1,0,1,0,1,1
0,0,1,0,1,1,0,0,1,0,1,0,0,0,0,0,0,0,0,1
0,0,0,1,0,0,0,0,0,0,0,0,1,0,0,0,0,0,0,1
0,0,0,1,0,1,0,0,1,0,1,0,1,0,0,0,0,0,0,1
0,0,0,1,0,1,0,1,1,0,1,0,1,0,1,0,0,0,0,1
0,1,1,1,1,1,1,0,1,0,1,0,1,1,1,1,0,0,0,1
0,0,0,0,0,0,0,0,0,0,1,0,0,0,0,0,0,0,0,1
0,0,0,0,1,1,0,0,1,0,1,0,1,1,1,0,0,0,1,1
0,1,1,1,1,1,0,0,1,0,1,0,0,0,0,0,0,0,0,1
0,0,0,1,1,1,0,0,0,0,1,0,0,0,0,0,0,0,0,1
0,0,0,1,0,1,0,1,1,0,1,1,1,1,1,0,0,0,1,1
0,1,1,1,1,1,0,0,0,0,1,1,1,1,1,0,1,1,0,1
0,0,0,0,1,1,0,0,0,0,1,1,0,0,1,0,0,0,1,1
0,0,1,1,1,1,1,0,1,0,1,0,1,1,0,0,1,0,0,1
0,0,0,0,1,0,0,0,0,0,1,0,0,0,0,0,0,0,0,1
0,0,0,1,0,0,0,0,1,0,1,0,1,0,0,0,0,0,0,1
0,0,0,1,0,1,0,0,1,0,1,0,1,0,0,0,0,0,0,1
0,0,0,1,0,1,0,0,0,0,0,0,0,0,0,0,0,0,0,1
0,0,0,1,0,1,0,0,0,0,1,0,1,0,0,0,0,0,0,1
1,0,0,0,1,1,0,0,0,0,1,0,0,0,1,0,0,1,1,1
0,0,0,0,1,1,1,0,0,0,1,0,1,1,1,1,1,0,1,1
0,0,0,1,0,1,0,0,1,0,1,0,1,0,1,0,0,0,0,1
0,0,0,0,0,0,0,0,0,0,1,1,0,0,0,1,1,0,0,1
0,0,0,0,0,1,0,0,0,0,1,0,0,0,0,0,0,0,0,1
0,0,0,1,1,1,0,0,0,0,1,0,0,1,1,0,0,0,0,1
0,0,0,1,1,0,0,0,1,1,0,0,1,0,0,0,0,0,0,1
0,1,1,1,1,1,1,0,1,1,1,0,1,0,0,0,0,0,0,1
0,0,0,1,0,1,0,0,1,0,0,0,1,0,1,0,0,0,0,1
0,0,0,1,1,1,0,0,0,0,1,0,1,1,1,0,0,0,0,1
0,0,0,1,0,1,0,0,0,0,0,0,0,0,0,0,0,0,0,1
1,0,1,1,1,1,0,0,0,0,1,0,1,1,1,0,0,0,1,1
0,1,1,1,1,1,0,0,1,0,1,0,0,0,0,0,0,0,0,1
0,0,0,0,0,1,0,0,1,0,1,0,0,1,1,0,0,0,0,1
0,0,0,1,1,1,0,0,0,0,1,0,0,1,1,0,0,0,0,1
1,1,1,1,1,1,0,0,1,1,1,0,0,1,0,0,1,0,0,1
0,0,0,1,0,1,0,0,0,0,1,0,1,0,1,0,0,0,0,1
0,0,0,1,0,1,1,0,1,0,0,0,1,0,1,0,0,0,0,1
0,0,0,0,1,1,0,0,0,0,1,1,0,1,1,0,0,0,1,1
1,0,1,1,0,1,0,0,0,0,1,0,1,1,1,0,1,0,0,1
0,0,0,0,0,1,0,0,0,0,1,1,0,1,1,1,1,0,1,1
0,0,1,1,1,1,0,0,0,0,1,0,1,1,1,0,0,0,0,1
0,0,0,0,1,1,0,1,0,0,1,1,0,1,1,0,0,0,1,1
1,0,0,0,1,1,0,0,0,1,1,0,0,0,0,0,0,0,0,1
0,0,0,0,0,1,0,1,0,1,1,0,1,1,1,1,1,1,1,1
0,0,0,0,0,1,0,0,0,0,1,0,0,0,0,0,0,0,0,1
1,0,0,0,0,1,0,0,0,0,1,0,0,0,0,1,0,0,1,1
0,0,0,0,1,1,0,1,0,0,1,1,0,1,1,0,1,0,1,1
0,1,1,1,1,1,0,0,1,0,1,0,0,0,0,0,0,0,0,1
0,0,0,1,0,1,0,0,0,0,1,0,1,0,1,0,0,0,0,1
0,0,0,1,0,1,0,0,1,0,1,0,1,0,0,0,1,1,1,1
0,0,0,1,0,1,0,0,0,0,0,0,1,1,0,0,0,0,0,1
0,0,0,1,0,1,0,0,0,0,0,0,0,0,0,0,0,0,0,1
0,0,0,0,1,1,0,0,0,0,1,0,0,0,1,1,1,0,1,1
1,0,0,0,0,1,0,0,0,0,1,0,0,0,0,1,0,0,0,1
1,0,0,0,1,1,0,0,0,0,1,0,0,0,1,0,0,0,0,1
0,1,1,0,1,1,0,0,1,0,1,0,0,1,1,0,0,0,0,1
1,0,0,1,1,1,0,0,1,0,1,0,0,1,1,1,1,0,0,1
0,0,0,0,1,1,0,0,0,0,1,1,0,1,1,0,1,0,1,1
0,0,0,1,0,1,0,0,1,0,1,0,1,0,0,0,0,0,0,1
1,0,0,1,1,1,0,0,1,0,1,0,0,1,1,1,1,0,0,1
0,0,0,0,0,0,0,0,0,0,1,0,0,0,0,0,0,0,0,1
0,0,0,0,1,1,0,0,0,0,1,0,0,0,1,0,0,0,0,1
0,0,0,0,1,1,0,1,1,0,1,1,0,1,1,0,0,0,1,1
0,0,0,1,0,1,0,0,0,0,1,0,1,0,1,0,0,0,0,1
1,0,0,0,1,1,0,0,0,0,1,0,0,0,1,0,0,0,0,1
0,0,0,1,0,1,0,0,1,0,1,0,1,0,0,0,0,0,0,1
0,0,0,1,1,1,0,0,0,0,1,0,0,1,1,0,0,0,0,1
1,0,0,1,0,1,0,0,1,1,1,0,1,1,1,0,1,1,1,1
0,1,1,1,1,1,0,0,1,0,1,0,0,0,0,0,0,0,0,1
1,1,0,0,1,1,0,0,0,0,1,0,0,1,1,0,1,0,0,1
0,0,0,1,1,1,0,0,0,0,1,0,0,0,0,0,0,0,0,1
0,0,0,0,1,0,0,0,0,0,0,0,0,0,0,0,0,0,0,1
0,0,0,1,1,1,0,0,0,0,0,0,0,1,0,0,0,0,0,1
0,0,0,0,1,1,0,0,0,0,1,1,0,1,1,0,0,0,1,1
0,0,0,1,1,1,0,0,1,1,1,0,1,0,1,0,0,0,1,1
1,0,0,0,1,1,0,0,0,0,1,0,0,0,1,0,0,1,1,1
1,0,0,0,1,1,0,0,0,0,1,0,0,0,1,0,0,1,1,1
0,0,0,0,0,1,0,1,1,0,1,1,0,1,1,0,0,0,1,1
0,0,0,1,1,1,0,0,0,0,1,0,0,0,0,0,0,0,0,1
0,0,0,1,0,0,0,0,0,0,0,0,1,0,0,0,0,1,0,1
0,0,0,1,0,1,0,0,1,0,1,0,1,0,0,0,0,0,0,1
0,0,0,1,0,1,0,0,1,0,1,0,1,1,0,0,0,0,0,1
0,0,0,0,1,1,0,1,1,0,1,1,0,1,1,0,0,0,1,1
0,0,0,0,0,1,0,0,0,0,1,0,0,1,1,0,0,0,0,1
1,0,0,1,0,1,0,0,0,0,1,0,1,1,1,0,0,0,1,1
0,0,0,0,0,1,1,0,0,0,0,1,0,0,1,0,0,0,0,1
1,0,0,0,1,1,0,0,0,0,1,0,0,0,0,0,1,0,0,1
0,0,0,0,1,1,0,1,0,0,1,1,1,1,1,0,0,0,1,1
0,1,1,1,1,1,0,0,1,0,1,0,0,0,0,0,0,0,0,1
0,0,0,0,0,1,0,0,0,0,1,0,0,1,1,0,0,0,1,1
0,0,0,0,1,1,0,0,0,0,1,0,0,1,0,1,1,0,1,1
1,0,0,0,1,1,0,0,0,0,1,0,0,0,1,0,0,0,0,1
0,0,0,0,0,1,0,0,0,0,1,0,0,1,1,0,1,0,0,1
0,0,0,1,0,1,0,0,0,0,0,0,0,0,0,0,0,0,0,1
1,0,0,0,1,1,0,0,0,0,1,0,0,0,0,0,0,0,0,1
0,0,0,1,0,1,0,0,0,0,0,0,0,0,0,0,0,0,0,1
0,0,0,0,1,1,0,0,0,0,1,0,0,1,0,0,1,1,0,1
0,0,0,0,0,0,0,0,0,0,1,0,0,0,0,0,0,0,0,1
0,0,0,1,0,1,0,1,1,0,1,0,1,0,0,0,0,0,0,1
0,0,0,0,0,0,0,0,0,0,0,0,0,0,0,0,0,0,0,1
1,0,0,0,1,1,0,0,0,0,1,0,0,0,1,0,1,0,0,1
1,0,0,0,1,1,0,0,0,1,1,0,0,1,1,0,1,0,0,1
0,0,1,1,1,1,0,0,1,0,1,0,1,1,0,0,0,0,0,1
0,0,0,0,0,1,0,0,0,0,1,0,0,0,0,0,0,0,0,1
0,0,0,1,0,1,0,0,0,0,1,0,1,0,1,0,0,0,0,1
0,0,0,0,0,1,0,0,0,0,1,0,0,1,1,0,0,0,0,1
1,0,0,0,1,1,0,0,0,0,1,0,0,0,1,0,0,1,1,1
0,0,1,1,0,1,0,0,1,0,1,0,1,1,1,1,0,0,1,1
0,0,0,1,0,1,0,0,0,0,1,0,1,0,1,0,0,0,0,1
0,0,0,1,1,1,0,0,0,0,1,0,0,0,0,0,0,0,0,1
0,0,0,0,1,1,0,1,0,0,1,1,0,1,1,0,0,0,1,1
0,0,0,0,0,1,0,0,0,0,1,0,0,1,1,0,1,0,0,1
0,0,0,0,0,0,0,0,0,0,1,1,0,0,0,0,0,0,1,1
0,0,0,1,0,1,0,0,1,0,1,0,1,0,0,0,0,0,0,1
0,0,0,1,0,1,0,0,1,0,1,0,0,0,0,1,0,0,0,1
0,0,0,1,1,1,0,0,0,0,0,0,1,1,1,0,0,0,0,1
0,0,0,1,0,1,0,0,0,0,1,0,1,0,0,0,0,0,0,1
0,0,0,1,0,1,1,0,1,0,0,0,0,0,1,0,0,0,0,1
1,0,0,0,1,1,0,0,0,0,1,0,0,0,0,1,0,0,0,1
0,0,0,0,0,1,0,0,1,0,1,0,0,1,1,0,1,0,1,1
0,0,0,1,0,1,0,1,1,0,1,0,1,0,0,0,0,1,0,1
0,0,0,1,1,1,0,0,1,0,1,0,1,1,0,1,1,1,0,1
1,0,0,1,1,1,0,0,1,0,1,0,1,0,1,1,0,0,0,1
0,0,0,1,1,1,0,0,1,1,1,0,1,1,1,0,0,0,1,1
0,0,0,1,1,1,0,0,1,0,1,0,0,1,0,1,1,1,0,1
0,0,0,1,1,1,0,0,0,0,1,0,0,1,1,0,0,0,0,1
0,0,0,0,0,0,0,0,0,0,0,0,0,0,0,0,0,0,0,1
0,0,0,0,0,1,0,0,0,0,1,0,0,0,0,0,0,1,0,1
0,0,0,0,1,1,0,0,1,0,1,0,0,1,0,0,1,1,0,1
0,0,0,0,1,1,0,1,0,0,1,1,0,1,1,0,0,0,1,1
0,1,1,1,1,1,0,0,1,0,1,0,0,0,0,0,0,0,0,1
1,0,0,0,0,1,0,0,0,0,1,0,0,0,1,1,0,0,1,1
0,0,0,1,0,1,0,0,0,0,0,0,0,0,0,0,0,0,0,1
0,0,0,1,0,1,0,0,0,0,0,0,0,0,0,0,0,0,0,1
0,0,0,1,0,1,0,0,1,0,1,0,1,0,1,0,0,0,0,1
1,0,0,1,0,1,0,0,0,1,1,0,1,1,1,0,0,1,0,1
0,0,0,1,0,1,0,0,1,0,1,0,1,0,1,0,0,0,0,1
0,0,0,0,1,1,0,0,0,0,1,1,0,1,0,0,0,0,0,1
0,0,0,0,0,1,0,0,0,0,1,0,0,1,0,0,0,0,0,1
0,0,0,1,0,0,0,0,0,0,0,0,1,0,0,0,1,0,0,1
0,1,1,1,1,1,0,0,1,0,1,0,0,0,0,0,0,0,0,1
0,0,0,0,0,1,0,0,0,0,1,0,0,1,1,0,1,0,1,1
0,1,1,1,1,1,0,0,1,0,1,0,0,0,0,0,0,0,0,1
0,0,0,1,0,1,0,0,1,0,1,0,1,0,0,0,0,0,0,1
0,0,0,1,1,1,0,0,1,0,1,0,1,1,0,1,1,1,0,1
1,0,0,1,1,1,0,0,1,0,1,0,1,0,1,1,0,0,0,1
1,0,1,1,1,1,0,0,0,0,1,0,1,1,1,0,0,0,1,1
0,0,0,1,1,1,0,0,0,0,1,0,1,1,0,0,1,0,0,1
0,0,0,0,1,1,0,0,0,0,1,1,0,1,1,0,0,0,1,1
1,0,0,1,0,1,0,0,1,1,1,1,1,1,1,0,0,1,0,1
0,0,0,0,0,1,0,0,0,0,1,0,0,1,1,0,0,0,0,1
0,0,0,0,0,1,0,0,0,0,1,0,0,1,1,0,0,0,0,1
1,0,0,0,1,1,0,0,0,0,1,0,0,0,0,0,0,0,0,1
0,0,0,0,0,1,0,0,0,0,0,0,0,0,0,0,0,0,0,1
0,0,0,1,0,1,0,0,1,0,1,0,1,0,0,0,0,0,0,1
0,0,0,0,0,0,0,0,0,0,1,0,0,0,0,0,0,0,0,1
0,0,0,1,0,1,0,0,0,0,0,0,0,0,0,0,0,0,0,1
0,0,1,1,1,1,0,0,1,0,1,0,1,0,0,1,1,0,0,1
0,0,0,0,0,0,0,0,1,0,1,0,0,0,0,0,0,0,0,1
0,0,0,1,0,1,1,0,1,0,0,0,0,0,1,0,0,0,0,1
1,0,0,0,0,1,0,0,0,0,0,0,0,0,0,1,0,0,0,1
0,0,0,1,1,1,0,0,0,0,1,0,0,0,0,0,0,0,0,1
0,0,0,1,0,1,0,0,0,0,1,0,1,0,1,0,0,0,0,1
1,0,0,1,0,1,0,0,1,1,1,0,1,1,1,0,0,1,0,1
0,0,0,0,1,1,0,1,1,0,1,1,0,1,1,0,0,0,1,1
0,0,0,1,1,1,0,0,1,0,1,0,0,1,0,1,1,1,0,1
0,1,1,1,1,1,0,0,1,0,1,0,0,0,0,0,0,0,0,1
0,0,0,1,1,1,0,0,1,0,1,0,0,1,0,1,1,1,0,1
1,0,0,0,1,1,0,0,0,0,1,0,0,0,1,0,0,0,0,1
0,1,1,1,1,1,0,0,1,0,0,0,1,1,1,0,0,0,0,1
1,0,0,0,1,1,0,0,0,0,1,0,0,0,1,0,1,1,1,1
0,0,0,0,1,1,0,0,0,0,1,1,0,0,1,0,0,0,1,1
0,0,0,0,0,1,0,1,1,0,1,1,0,1,1,0,1,0,1,1
0,0,0,1,0,1,1,0,1,0,0,0,0,0,1,0,0,0,0,1
0,0,1,0,1,1,0,0,1,0,1,0,0,0,0,0,0,0,0,1
0,0,0,1,0,0,0,0,1,0,0,0,1,0,0,0,0,0,0,1
0,0,0,1,0,1,0,0,0,0,0,0,0,0,0,0,0,0,0,1
0,0,0,1,0,1,0,0,1,0,1,0,1,1,0,0,1,0,1,1
0,0,0,0,1,1,0,0,0,0,1,1,0,1,1,0,1,0,1,1
0,0,0,0,0,1,0,0,0,0,1,0,0,1,1,0,0,0,0,1
0,0,0,1,0,1,0,0,0,0,1,0,1,0,0,0,0,0,0,1
0,0,0,1,1,1,0,0,0,0,0,0,1,1,1,0,0,0,0,1
0,0,0,1,1,1,0,0,0,0,1,0,0,1,1,0,0,0,0,1
0,0,0,1,0,1,0,0,1,0,1,0,1,1,1,1,1,0,1,1
0,0,0,0,0,1,0,0,0,0,1,0,1,0,0,0,1,1,1,1
0,0,0,1,0,1,0,0,0,0,1,0,1,0,0,0,0,0,0,1
0,0,0,1,1,1,0,0,1,0,1,1,1,0,0,0,1,0,1,1
0,0,0,1,0,0,0,0,0,0,1,0,1,0,0,1,1,0,0,1
0,0,0,0,0,1,0,1,1,0,1,1,0,1,1,0,1,0,1,1
0,0,0,1,0,1,0,0,1,0,1,0,1,1,0,0,0,0,0,1
0,0,0,0,1,1,0,0,0,0,1,1,0,0,1,0,1,0,1,1
1,0,0,0,1,1,0,0,0,0,1,0,0,0,1,0,0,0,0,1
0,0,0,0,0,1,0,0,1,0,1,0,1,1,1,0,0,0,1,1
0,0,0,0,1,1,0,0,0,0,1,1,0,1,1,0,1,0,1,1
0,0,0,1,0,1,0,0,0,0,1,0,1,0,1,0,0,0,0,1
0,0,0,1,0,0,0,0,0,0,0,0,1,0,0,0,0,0,0,1
0,0,0,1,0,0,0,0,0,0,0,0,1,0,0,0,0,0,0,1
0,0,0,0,1,1,0,0,0,0,1,0,0,0,1,0,0,0,0,1
0,0,0,0,1,0,0,0,0,0,1,0,0,0,0,0,0,0,0,1
0,0,0,1,0,1,0,0,0,0,1,0,1,0,1,0,0,0,0,1
0,0,0,1,1,1,0,0,1,0,1,0,0,1,0,1,1,1,0,1
1,0,0,0,1,1,0,0,0,0,1,0,0,0,0,0,1,0,0,1
0,1,1,1,1,1,0,0,1,0,1,0,0,0,0,0,0,0,0,1
0,0,0,1,0,1,0,0,0,0,0,0,0,0,0,0,0,0,0,1
0,0,0,0,1,1,0,1,0,0,1,1,0,1,1,0,0,0,1,1
0,0,0,0,0,1,0,0,0,0,1,0,0,1,1,0,0,0,0,1
0,1,1,1,1,1,0,0,1,0,1,0,0,0,0,0,0,0,0,1
0,0,0,0,0,1,0,0,1,0,1,0,0,1,0,0,0,1,0,1
0,0,0,1,0,0,0,0,0,0,0,0,1,0,0,0,0,0,0,1
0,0,0,0,0,1,0,1,0,1,1,1,0,1,1,0,1,1,1,1
0,0,0,1,0,1,0,0,0,0,1,0,1,0,1,0,0,0,0,1
1,0,1,1,0,1,0,0,1,1,1,0,1,1,1,1,1,1,0,1
0,0,0,0,1,1,0,0,0,0,1,1,0,1,1,0,1,0,1,1
1,0,0,0,0,1,0,0,0,0,1,0,0,1,0,0,1,0,1,1
0,0,0,0,0,1,0,0,0,0,0,0,0,0,1,0,0,0,0,1
0,0,0,0,1,1,0,1,0,0,1,1,0,1,1,0,0,0,1,1
1,0,0,0,1,1,0,0,0,0,1,0,0,0,1,0,0,0,0,1
0,0,0,1,0,1,0,0,0,0,0,0,0,0,0,0,0,0,0,1
1,0,0,0,1,1,0,0,0,0,1,0,0,0,1,0,0,0,0,1
0,0,0,0,0,1,0,0,1,0,1,0,0,1,1,0,1,0,1,1
0,0,0,1,0,0,0,0,0,0,0,0,1,0,0,0,0,0,0,1
0,1,0,0,0,1,0,0,0,0,1,0,0,1,1,0,0,0,1,1
0,0,0,1,1,1,0,0,0,0,1,0,0,0,0,0,0,0,0,1
0,0,0,0,0,1,0,0,0,0,1,0,0,1,0,0,0,0,0,1
0,0,0,1,0,1,1,0,1,0,0,0,0,0,1,0,0,0,0,1
0,0,0,1,0,1,0,0,1,0,1,0,1,0,0,1,0,0,0,1
0,0,0,1,1,1,0,0,1,0,0,0,0,0,0,0,0,0,0,1
0,0,1,0,1,1,0,0,0,0,1,0,0,0,0,0,0,1,0,1
0,0,0,1,1,1,0,0,0,0,0,0,1,1,1,0,0,0,0,1
0,0,0,0,0,1,0,1,1,0,1,1,0,1,1,0,0,0,1,1
0,0,0,1,0,1,0,0,0,0,1,0,1,0,0,0,0,0,0,1
0,1,1,1,1,1,0,0,1,0,1,0,0,0,0,0,0,0,0,1
0,0,0,0,1,1,0,0,0,0,1,0,0,1,1,0,1,0,1,1
0,0,0,0,0,1,0,0,1,0,1,0,0,1,1,0,1,0,1,1
0,0,0,1,0,0,0,0,0,0,1,0,1,0,0,0,0,0,0,1
0,0,0,0,0,1,0,0,0,0,1,0,0,0,0,0,0,0,0,1
1,0,0,0,1,1,0,0,0,0,1,0,0,0,1,0,0,0,0,1
1,0,0,0,1,1,0,0,0,0,1,0,0,0,1,0,0,1,1,1
0,0,1,1,0,1,1,0,1,1,1,0,1,1,0,0,1,1,1,1
0,0,0,0,0,1,0,0,0,0,1,0,0,1,1,1,0,1,0,1
0,0,0,0,0,1,0,0,1,0,1,0,0,1,1,0,0,0,1,1
0,0,0,1,1,1,0,0,1,0,1,0,0,1,0,1,1,1,0,1
0,0,0,0,0,1,0,0,0,0,1,0,0,1,1,0,0,0,0,1
0,0,0,0,0,0,0,0,0,0,1,0,0,0,0,0,0,0,0,1
0,0,0,1,0,1,0,0,1,0,1,0,1,0,1,0,0,0,0,1
0,0,0,1,0,1,0,0,0,0,1,0,1,0,0,0,0,0,0,1
0,1,0,1,0,0,1,0,1,0,0,0,1,0,0,0,0,0,0,1
0,0,0,0,0,1,0,0,0,0,1,0,1,0,0,0,1,1,1,1
0,0,0,0,0,0,0,0,0,0,1,0,0,0,0,0,0,0,0,1
0,0,0,1,1,1,0,0,0,0,1,0,0,0,0,0,0,0,0,1
0,0,0,1,0,1,0,0,0,0,1,0,1,0,1,0,0,0,0,1
0,0,0,0,0,0,0,0,0,0,1,0,0,0,0,0,0,0,0,1
0,0,0,1,1,1,0,0,1,0,1,0,0,1,0,1,1,1,0,1
0,1,0,0,0,1,0,0,0,0,1,0,0,1,1,0,0,0,1,1
0,0,0,1,1,1,0,1,0,0,1,1,1,1,1,0,0,0,1,1
0,0,1,1,1,1,0,0,1,0,1,0,0,0,0,0,1,0,0,1
0,0,0,1,1,1,0,0,0,0,1,0,1,0,0,0,1,1,0,1
1,0,0,0,1,1,0,0,0,1,1,0,0,0,0,0,0,0,0,1
0,0,0,1,0,0,0,1,1,0,1,0,1,0,0,0,0,0,0,1
0,0,0,1,0,1,0,1,1,0,1,0,1,0,0,0,1,0,0,1
0,0,0,0,1,1,0,0,0,0,0,1,0,0,1,0,0,0,0,1
0,0,0,0,0,0,0,0,0,0,1,0,0,0,0,0,0,0,0,1
0,0,0,1,1,1,0,0,0,0,1,0,0,1,1,0,0,0,0,1
0,0,0,1,0,1,0,0,0,0,0,0,0,0,0,0,0,0,0,1
0,0,0,0,1,1,0,1,0,0,1,1,0,1,1,0,0,0,1,1
0,0,0,1,1,1,0,0,1,0,1,0,1,1,0,0,0,0,0,1
1,0,0,0,1,1,0,0,1,0,1,0,0,0,0,1,1,0,0,1
0,0,0,1,0,1,0,0,0,0,1,0,1,0,1,0,0,0,0,1
0,0,0,1,0,1,0,0,1,0,1,0,1,1,0,0,0,0,0,1
1,0,1,0,1,1,0,0,0,0,1,0,0,0,1,0,0,0,0,1
0,0,0,1,0,1,0,0,1,0,1,0,0,0,0,1,0,0,0,1
0,0,0,1,1,1,0,0,1,0,1,0,1,1,0,0,1,0,1,1
1,0,0,0,1,1,0,0,0,0,1,0,0,0,0,0,0,0,0,1
0,0,0,1,0,0,0,0,0,0,1,0,1,0,0,0,0,0,0,1
0,0,1,1,1,1,0,0,1,0,1,0,0,0,0,0,1,0,0,1
1,0,0,1,0,1,0,0,0,0,1,0,1,1,0,0,0,0,0,1
0,0,0,0,0,1,0,0,0,0,1,0,0,0,1,1,1,0,1,1
0,0,0,0,0,1,0,0,0,0,1,0,0,1,1,0,0,0,0,1
0,0,0,1,1,1,0,0,1,0,1,0,0,1,0,1,1,1,0,1
0,0,0,0,0,1,0,1,1,0,1,1,0,1,1,0,0,0,1,1
0,1,0,0,0,1,0,0,0,0,1,0,0,1,1,0,0,0,1,1
0,0,0,1,0,1,1,0,1,0,0,0,0,0,1,0,0,0,0,1
0,0,0,1,0,1,0,0,1,0,1,0,1,1,0,0,0,0,0,1
0,0,0,1,0,1,0,0,1,0,1,0,1,1,0,0,0,0,0,1
0,0,0,0,0,1,0,0,1,0,1,0,0,1,1,0,0,0,1,1
0,0,0,0,0,1,0,0,0,0,0,0,0,0,1,0,0,0,0,1
1,0,0,0,1,1,0,1,0,0,1,1,1,1,1,0,1,0,0,1
1,0,0,0,1,1,0,0,0,0,1,0,0,0,1,0,0,0,0,1
0,0,0,0,1,1,0,0,1,0,1,1,0,1,0,0,1,1,0,1
0,1,1,1,1,1,0,0,1,0,1,0,0,0,0,0,0,0,0,1
1,0,0,0,1,1,0,0,0,0,1,0,0,0,0,0,0,1,0,1
1,0,1,1,1,1,0,0,1,0,1,0,1,1,0,0,0,0,0,1
0,0,0,0,0,1,0,0,1,0,1,0,0,1,0,0,0,1,0,1
0,0,0,1,0,1,0,0,0,0,0,0,0,0,1,0,0,0,0,1
0,0,0,1,0,1,0,0,1,0,1,0,1,1,0,0,0,0,0,1
0,0,0,1,0,0,0,0,1,0,0,0,1,0,0,0,0,0,0,1
0,0,0,0,1,1,0,0,0,0,1,0,0,1,0,0,0,0,0,1
1,0,0,0,1,1,0,0,0,0,1,0,0,0,1,0,0,0,0,1
0,0,0,0,0,1,0,0,1,0,1,0,0,1,0,0,0,1,0,1
0,0,0,1,0,1,0,0,0,0,0,0,0,0,1,0,0,0,0,1
0,0,0,0,0,0,0,0,0,0,1,0,0,0,0,0,0,0,0,1
0,0,0,0,0,1,0,0,0,0,1,0,0,1,1,0,0,1,0,1
0,1,0,1,0,1,0,0,0,0,1,0,1,1,1,0,0,0,0,1
0,1,1,1,1,1,0,0,1,0,1,0,0,0,0,0,0,0,0,1
0,0,0,1,0,1,0,0,1,0,1,0,0,0,0,1,0,0,0,1
0,0,0,0,1,1,0,0,0,0,1,1,0,1,1,0,0,0,1,1
0,0,0,0,1,0,0,0,0,0,0,0,0,0,0,0,1,0,0,1
0,0,1,1,1,1,0,0,1,0,1,0,1,0,1,0,1,0,0,1
0,0,0,1,0,0,0,0,0,0,0,0,1,0,0,0,0,0,0,1
0,0,1,0,1,1,1,0,0,0,1,0,0,0,1,0,0,0,0,1
1,0,0,0,1,1,0,0,0,0,1,0,0,0,0,0,0,0,0,1
0,0,0,0,1,1,0,0,0,0,1,1,0,1,1,0,1,0,1,1
0,0,0,1,0,0,0,0,0,0,0,0,1,0,0,0,0,0,0,1
1,0,0,0,1,1,0,0,0,0,1,0,0,0,1,0,1,0,0,1
0,0,0,1,0,1,0,0,1,0,1,0,1,0,0,0,0,0,0,1
0,0,0,1,0,0,0,0,1,0,1,0,1,0,0,0,0,0,0,1
0,0,0,0,1,1,0,0,0,0,1,1,0,1,1,0,1,0,1,1
0,0,0,0,1,1,0,0,0,0,1,1,0,1,1,0,0,0,1,1
0,0,1,1,1,1,0,0,1,0,1,0,1,1,1,1,1,0,0,1
0,0,0,0,0,0,0,0,0,0,1,0,0,0,1,0,0,0,0,1
0,0,0,0,0,1,0,0,0,0,1,0,0,1,0,0,1,0,0,1
1,0,0,0,1,1,0,0,0,0,1,0,0,0,1,0,0,1,1,1
1,0,0,0,1,1,0,0,0,0,1,0,0,0,1,0,0,1,1,1
0,0,0,1,1,1,0,0,0,0,1,1,1,1,1,1,1,1,0,1
0,0,0,0,0,1,0,0,1,0,1,1,0,0,1,0,0,0,1,1
0,0,1,1,1,1,0,0,1,0,1,0,1,1,1,0,0,0,0,1
0,0,0,1,0,1,0,0,1,0,1,0,1,0,0,0,0,0,0,1
0,0,0,0,0,1,0,0,0,0,1,0,0,1,1,0,1,1,0,1
0,0,0,1,1,1,0,0,0,0,1,0,0,1,1,0,0,0,0,1
1,0,0,0,1,1,0,0,0,0,1,0,0,0,1,0,1,0,0,1
0,0,0,0,1,1,0,0,0,0,1,1,0,1,1,0,1,0,1,1
0,0,0,1,1,1,0,0,1,0,1,0,0,1,0,1,1,1,0,1
0,0,0,0,1,1,0,0,0,0,1,1,0,0,1,0,0,0,1,1
0,0,0,0,0,1,0,0,0,0,1,1,0,0,0,0,0,0,0,1
0,0,0,0,1,0,0,0,1,0,1,0,0,0,0,0,0,0,0,1
1,0,0,0,1,1,0,0,0,0,1,0,0,0,1,0,0,0,1,1
0,0,1,1,1,1,0,0,1,0,1,0,1,1,0,0,1,0,0,1
1,0,0,1,1,1,0,0,1,0,1,0,1,1,0,0,1,0,1,1
0,0,0,1,0,0,0,0,0,0,1,0,0,0,0,0,0,0,0,1
1,0,0,0,1,1,0,0,0,0,1,0,0,1,1,0,0,0,1,1
0,0,0,1,0,0,0,0,1,0,1,0,1,0,0,0,0,0,0,1
0,0,0,1,1,1,0,0,1,0,1,0,1,1,0,1,1,1,0,1
0,0,0,1,1,1,0,0,0,0,0,0,1,1,1,0,0,0,0,1
0,0,0,1,0,1,0,0,1,0,1,0,1,0,1,0,0,0,0,1
1,0,0,0,1,1,0,0,0,0,1,0,0,1,1,0,0,0,0,1
0,0,0,1,1,1,0,0,1,0,1,0,1,1,0,0,0,0,0,1
0,0,0,1,1,1,0,0,0,0,0,0,1,1,1,0,0,0,0,1
0,0,0,1,0,1,0,0,1,0,1,0,1,0,0,0,0,0,0,1
0,0,0,0,1,1,0,0,0,0,1,1,0,1,1,0,0,0,1,1
0,0,0,1,0,1,0,0,1,0,1,0,1,0,0,0,0,0,0,1
0,0,0,0,0,1,0,0,0,0,1,0,1,1,1,0,1,0,1,1
1,0,0,0,1,1,0,0,0,0,1,0,0,1,1,0,0,0,1,1
1,0,0,0,1,1,0,0,0,0,1,0,0,0,1,0,0,1,1,1
0,0,0,0,0,1,0,0,0,0,1,0,0,1,0,0,0,0,0,1
1,0,0,0,1,1,1,1,0,0,1,0,1,0,1,1,0,0,0,1
0,0,0,0,0,0,0,0,0,0,0,0,0,0,0,0,0,0,0,1
1,0,0,0,0,1,0,0,0,0,1,0,0,0,0,0,0,0,1,1
0,0,0,1,1,1,0,0,0,0,1,0,0,0,0,0,0,0,0,1
0,0,0,1,0,1,0,0,1,0,1,0,1,0,1,0,0,0,0,1
1,0,0,0,1,1,0,0,1,0,1,0,0,0,1,1,0,0,0,1
0,0,0,1,0,1,0,0,0,0,1,0,1,0,0,0,0,0,0,1
0,0,0,0,1,1,0,0,0,0,1,1,0,1,1,0,1,0,1,1
0,1,1,1,1,1,0,0,1,0,1,0,0,0,0,0,0,0,0,1
0,0,1,1,1,1,0,0,1,0,1,0,1,0,0,0,1,0,0,1
0,0,0,0,1,1,0,0,0,0,1,1,0,1,1,1,1,1,1,1
0,0,0,1,0,1,0,0,0,0,1,0,1,0,1,0,0,0,0,1
0,0,0,1,0,1,0,1,1,0,0,0,1,0,1,0,1,0,0,1
0,0,0,0,0,1,0,0,0,0,1,0,0,1,1,0,0,0,0,1
0,0,0,1,0,1,0,0,1,0,1,0,1,0,0,0,0,0,0,1
1,0,0,1,0,1,0,0,1,1,1,0,1,1,1,0,0,1,0,1
0,0,0,0,1,1,0,0,0,0,1,1,0,1,1,0,1,0,1,1
0,0,0,1,0,1,0,0,0,0,0,0,0,0,0,0,0,0,0,1
1,0,1,1,1,1,0,0,0,0,1,0,1,1,1,0,0,0,1,1
0,0,0,1,1,1,0,0,0,0,0,0,1,1,1,0,0,0,0,1
0,0,0,0,0,1,0,0,0,0,1,0,0,0,0,0,1,0,0,1
0,0,0,1,0,0,0,1,1,0,1,0,1,0,0,0,0,0,0,1
0,0,0,1,0,1,0,0,0,0,1,0,1,0,0,0,0,0,0,1
1,0,0,0,1,1,0,0,0,0,1,0,0,0,1,0,0,0,0,1
0,0,0,1,0,1,0,0,1,0,1,0,1,0,0,0,0,0,0,1
0,0,0,0,1,1,0,0,0,0,1,1,0,1,1,0,1,0,1,1
0,0,1,1,1,1,0,0,1,0,1,0,1,0,0,0,1,0,0,1
0,0,0,1,0,1,1,0,0,0,1,0,1,0,1,0,0,0,0,1
0,0,0,1,1,1,0,0,0,0,1,0,0,0,0,0,0,0,0,1
0,0,0,0,0,0,0,0,0,0,1,0,0,0,0,0,0,0,0,1
0,0,0,1,0,1,0,0,1,0,1,0,1,0,0,0,0,0,0,1
0,0,0,1,0,1,0,0,0,0,0,0,0,0,0,0,0,0,0,1
1,0,0,1,0,1,0,0,1,1,1,0,1,1,1,0,0,1,0,1
0,0,0,0,0,0,0,0,1,0,1,0,0,0,0,0,0,0,0,1
0,0,0,1,1,1,0,0,1,0,1,0,1,1,0,1,1,1,0,1
0,0,0,1,1,1,0,0,1,0,1,0,1,0,0,1,0,0,0,1
0,0,1,0,1,1,0,0,0,0,1,0,0,0,0,0,1,0,0,1
0,0,0,1,0,1,0,0,1,0,1,0,1,0,0,0,0,0,0,1
1,0,0,0,1,1,0,0,0,0,1,0,0,0,1,0,1,0,0,1
0,0,1,1,1,1,0,0,0,0,1,0,1,1,1,0,0,0,0,1
0,0,0,0,1,0,0,0,0,0,1,0,0,0,0,0,0,0,0,1
0,0,1,0,1,1,0,0,0,0,1,0,0,0,0,0,0,1,0,1
0,0,0,1,0,1,0,1,1,0,1,0,1,0,1,0,0,0,0,1
0,0,0,1,0,1,0,0,0,0,1,0,1,0,0,0,0,0,0,1
0,0,0,0,1,1,0,0,0,0,1,1,0,0,1,0,1,0,1,1
0,0,0,1,1,1,0,0,0,0,1,0,0,0,0,0,0,0,0,1
0,0,0,1,0,1,0,0,1,0,1,0,1,0,0,0,1,1,1,1
0,0,0,1,0,1,1,0,1,0,0,0,1,0,1,0,0,0,0,1
0,0,0,1,1,1,0,0,0,1,1,1,1,1,1,1,1,1,1,1
0,0,0,0,0,1,0,0,1,0,1,0,0,1,1,0,0,0,1,1
0,0,0,1,0,1,1,0,1,0,0,0,0,0,1,0,0,0,0,1
0,1,0,0,0,1,0,0,0,0,1,0,0,1,1,0,0,0,1,1
0,0,0,1,0,1,1,0,1,0,0,0,0,0,1,0,0,0,0,1
0,0,0,1,0,1,0,0,0,0,1,0,1,0,1,0,0,0,0,1
0,0,0,1,0,1,0,0,0,0,1,0,1,0,1,0,0,0,0,1
1,0,0,0,1,1,0,0,0,0,1,0,0,0,1,0,1,0,0,1
0,0,0,0,1,1,0,0,0,0,1,1,0,1,1,0,0,0,1,1
0,0,0,0,0,1,0,1,1,0,1,1,0,1,1,0,0,0,1,1
0,1,1,1,1,1,0,0,1,0,1,0,0,0,0,0,0,0,0,1
0,0,0,0,0,0,0,0,0,0,1,0,0,0,0,0,0,0,0,1
0,0,0,1,0,1,0,0,1,0,1,0,1,1,0,0,1,1,0,1
0,0,0,0,0,0,0,0,0,0,1,0,1,0,0,1,0,1,0,1
0,0,0,1,0,1,0,0,0,0,0,0,0,0,1,0,0,0,0,1
1,0,0,0,1,1,0,0,0,0,1,0,0,0,1,1,0,0,0,1
0,0,0,0,0,1,0,0,0,0,1,0,0,0,0,0,1,0,0,1
0,0,0,0,0,1,0,0,0,0,1,0,0,0,0,0,0,1,1,1
0,0,0,1,0,1,0,0,1,0,1,0,1,0,0,0,0,0,0,1
0,0,1,0,0,0,0,0,0,0,1,0,0,0,0,0,0,0,0,1
0,0,0,1,0,1,0,0,1,0,1,0,1,1,0,0,0,0,0,1
0,0,0,1,0,1,0,0,0,0,1,0,1,0,0,0,0,0,0,1
0,0,0,1,1,1,0,0,1,0,1,0,1,0,1,0,0,0,0,1
0,0,0,1,0,1,0,0,1,0,1,0,0,0,0,1,0,0,0,1
0,0,0,0,1,1,0,0,0,0,1,1,0,1,1,0,1,0,1,1
0,0,0,1,0,1,0,0,0,0,0,0,1,1,0,0,0,0,0,1
0,0,0,0,0,1,0,0,0,0,1,0,0,0,0,0,1,0,0,1
0,0,0,0,1,1,0,0,1,0,1,1,0,1,0,0,1,1,0,1
0,0,0,0,0,1,0,1,0,0,1,1,0,1,1,0,0,0,1,1
0,0,0,1,1,1,0,0,0,0,0,0,1,1,1,0,0,0,0,1
0,0,0,0,1,1,0,0,0,0,1,0,0,0,1,0,0,0,0,1
1,0,0,0,1,1,0,0,0,0,1,0,0,0,0,0,0,1,0,1
0,0,1,0,1,1,1,0,0,0,1,0,0,0,0,0,0,0,0,1
0,0,0,1,0,1,0,0,1,0,1,0,1,0,1,0,0,0,0,1
0,0,0,1,0,0,0,0,0,0,1,0,1,0,0,0,0,0,0,1
0,0,0,1,0,1,0,0,1,0,1,0,1,1,0,0,0,0,0,1
0,0,0,1,0,1,0,0,0,0,1,0,1,0,1,0,0,0,0,1
0,0,1,1,1,1,0,0,1,0,1,0,1,0,0,0,1,0,0,1
0,0,0,0,1,1,0,0,1,0,1,1,0,1,1,0,0,0,1,1
0,0,0,1,0,1,0,0,0,0,1,0,1,0,0,0,0,0,0,1
0,0,0,0,1,1,0,0,0,0,1,1,0,1,1,1,1,0,1,1
1,0,0,0,1,1,0,0,0,0,1,0,0,0,1,0,0,0,0,1
0,0,0,1,0,1,0,0,0,0,1,0,1,0,1,0,0,0,0,1
0,1,0,0,0,1,0,0,0,0,1,0,0,1,1,0,0,0,1,1
0,0,0,0,0,1,0,0,0,0,0,0,0,0,0,0,0,0,0,1
0,0,1,1,0,1,0,0,1,0,1,0,1,1,0,0,0,0,0,1
1,0,0,0,1,1,0,0,0,0,1,0,0,0,0,0,1,0,0,1
0,1,1,1,1,1,0,0,1,0,1,0,0,0,0,0,0,0,0,1
0,0,0,1,0,0,0,0,0,0,0,0,0,0,0,0,0,0,0,1
0,0,0,1,0,1,0,0,1,0,1,0,1,0,0,0,0,0,0,1
0,0,0,1,0,1,0,0,0,0,1,0,1,0,0,0,0,0,0,1
0,0,0,1,0,1,0,0,0,0,1,0,1,0,1,0,0,0,0,1
0,0,0,1,1,1,0,0,0,0,1,0,1,0,1,0,0,0,0,1
0,0,0,0,0,1,0,0,0,0,1,1,0,1,1,0,1,0,1,1
0,0,0,0,0,1,0,0,0,0,1,0,1,0,0,0,1,1,1,1
0,0,0,0,1,1,0,0,0,0,1,0,0,0,0,0,1,1,1,1
0,0,0,1,1,1,0,0,1,0,1,0,0,1,0,1,1,1,0,1
0,1,0,0,0,1,0,0,0,1,1,0,0,1,1,0,0,0,1,1
0,0,0,1,0,1,0,0,0,0,1,0,1,0,0,0,0,0,0,1
0,0,0,0,1,1,0,0,1,0,1,1,1,1,1,0,1,1,0,1
1,0,0,1,0,1,0,0,1,1,1,0,1,1,1,0,0,1,0,1
0,0,0,0,0,1,0,0,0,0,1,0,0,0,0,0,0,0,0,1
0,0,1,1,1,1,0,0,0,0,1,0,1,1,1,0,0,0,0,1
0,0,0,1,0,1,0,0,0,0,0,0,1,0,1,0,0,0,0,1
0,0,0,0,1,1,0,0,0,0,1,0,1,0,1,0,0,0,0,1
0,0,0,0,0,1,0,0,0,0,1,0,0,1,1,0,0,1,0,1
0,0,0,1,0,1,0,0,1,0,1,0,1,0,0,0,0,0,0,1
0,0,0,1,1,1,0,0,0,0,1,0,0,1,1,0,0,0,0,1
0,0,0,0,1,1,0,0,0,0,1,1,0,0,1,0,0,0,1,1
0,0,0,1,1,1,0,0,1,0,1,0,0,1,0,1,1,1,0,1
0,0,0,0,0,0,0,0,0,0,0,0,0,0,0,0,0,0,0,1
0,0,0,0,0,0,0,0,0,0,1,0,0,0,0,0,0,0,0,1
0,0,0,0,1,1,0,0,0,0,0,0,0,0,1,0,0,0,0,1
0,0,0,0,0,1,0,0,0,1,1,1,0,1,1,0,1,1,1,1
0,0,0,1,0,0,0,0,0,0,0,0,1,0,0,0,1,0,0,1
0,0,0,0,1,1,0,0,0,0,1,0,0,1,0,0,0,0,0,1
0,0,0,1,0,1,0,0,0,0,1,0,1,0,1,0,0,0,0,1
0,1,1,1,1,1,0,0,1,0,1,0,0,0,0,0,0,0,0,1
0,0,0,1,0,1,0,0,1,0,1,0,1,1,0,0,0,0,0,1
0,0,0,0,0,1,0,1,1,0,1,1,0,1,1,0,0,0,1,1
0,0,0,1,0,1,0,0,1,0,1,0,1,0,0,0,0,0,0,1
0,0,0,0,1,1,0,0,0,0,0,1,0,0,1,0,0,0,0,1
0,0,0,1,1,1,0,0,0,0,0,0,1,1,1,0,0,0,0,1
0,0,0,0,0,0,0,0,0,0,1,0,0,0,0,1,1,0,0,1
0,0,0,1,0,1,0,0,1,0,1,0,1,0,0,0,0,0,0,1
0,0,0,1,0,1,0,0,1,0,1,0,0,0,0,1,0,0,0,1
0,0,0,1,1,1,0,0,0,0,1,0,0,0,0,0,0,0,0,1
0,0,0,1,1,1,0,0,0,0,1,0,1,0,1,0,0,0,0,1
0,0,0,1,1,1,0,0,0,0,1,0,1,0,0,0,0,0,0,1
0,0,0,0,0,1,0,0,0,0,1,0,0,1,0,0,1,1,0,1
0,0,0,0,0,0,0,0,0,0,0,0,0,0,0,0,1,0,1,1
0,0,1,1,1,1,0,0,0,0,0,0,1,0,1,0,0,0,0,1
0,0,0,0,0,1,0,1,1,0,1,1,0,1,1,0,0,0,1,1
0,0,1,1,1,1,0,0,0,0,1,0,1,1,1,0,0,0,0,1
0,0,1,1,0,1,0,0,1,0,1,0,1,0,0,0,1,0,1,1
0,0,0,0,1,1,0,0,0,0,1,0,0,0,0,0,0,0,0,1
0,0,0,0,0,1,0,0,0,0,0,0,0,0,0,0,0,0,0,1
0,0,0,0,0,0,0,0,0,0,0,0,0,0,0,0,0,0,0,1
0,0,0,1,0,1,0,0,0,0,1,0,1,0,1,0,0,0,0,1
0,0,0,1,0,1,0,0,0,0,0,0,0,0,0,0,0,0,0,1
0,0,0,0,0,0,0,0,0,0,1,0,1,0,0,1,0,1,0,1
0,0,0,1,0,1,0,0,0,0,0,0,0,0,0,0,0,0,0,1
0,0,0,0,1,1,0,0,0,0,1,1,0,1,1,0,1,0,1,1
0,0,0,0,1,0,0,0,0,0,1,0,0,0,0,0,0,0,0,1
0,0,0,0,0,0,0,0,0,0,1,1,0,0,0,0,0,0,0,1
0,0,0,0,1,1,0,1,1,0,1,1,1,1,1,1,1,1,0,1
0,0,1,1,1,1,0,0,1,0,1,0,1,1,1,0,0,0,0,1
0,0,0,1,1,1,0,0,1,0,1,0,1,1,0,0,0,1,0,1
0,0,0,0,1,1,0,0,0,0,1,1,0,1,1,0,1,0,1,1
0,0,0,1,0,1,0,0,0,0,1,0,1,0,1,0,0,0,0,1
1,0,0,0,0,1,0,0,0,0,1,0,0,0,1,0,0,0,0,1
0,0,0,1,0,1,0,0,0,0,1,0,1,0,0,0,0,0,0,1
0,0,0,0,0,1,0,0,1,0,1,0,0,1,0,0,1,0,0,1
0,0,1,1,1,1,0,0,1,0,1,0,1,0,1,0,1,0,0,1
1,0,0,0,0,1,0,0,0,0,1,0,0,1,0,0,0,0,1,1
0,0,0,1,1,1,0,0,1,0,1,0,1,1,0,0,1,1,0,1
1,0,1,1,1,1,0,0,1,0,1,0,1,1,0,0,0,0,0,1
0,0,0,0,1,1,0,0,0,0,1,0,0,1,0,0,1,0,0,1
1,0,0,0,0,0,0,0,0,0,1,0,0,0,0,0,0,0,0,1
0,0,0,1,1,1,0,0,0,0,1,0,0,1,1,0,0,0,0,1
1,0,1,0,1,1,0,0,0,0,1,0,0,0,0,0,0,1,0,1
0,0,0,1,1,1,0,0,1,0,1,0,0,1,0,1,1,1,0,1
0,0,0,0,1,1,0,0,1,0,1,0,0,1,0,0,1,1,0,1
0,0,0,0,0,1,0,0,1,0,1,0,0,1,1,0,0,0,1,1
0,0,0,1,0,1,0,1,1,0,1,0,1,0,1,0,0,0,0,1
0,0,0,1,0,0,0,0,0,0,0,0,1,0,0,0,0,0,0,1
0,0,0,0,0,1,0,0,0,0,1,0,0,0,0,0,0,0,0,1
0,0,0,0,1,1,0,0,0,0,0,0,0,0,1,0,0,0,0,1
0,0,0,1,0,1,0,0,0,0,1,0,1,0,1,0,0,0,0,1
0,0,0,1,1,1,0,0,0,0,1,0,0,0,0,0,0,0,0,1
1,0,0,0,0,1,0,0,0,0,1,0,0,0,1,1,0,0,0,1
1,0,0,0,1,1,0,0,0,0,1,0,0,0,0,1,0,0,0,1
0,0,0,0,0,1,0,0,0,0,1,0,0,1,0,0,1,1,0,1
0,0,0,1,1,1,0,0,1,0,1,0,1,1,0,0,1,0,1,1
0,0,0,1,0,1,0,0,1,0,1,0,1,1,0,0,0,1,0,1
1,0,0,0,0,1,0,0,0,0,1,0,0,1,0,0,0,0,1,1
0,0,0,1,0,1,0,0,1,0,1,0,1,0,0,0,0,0,0,1
0,0,0,1,1,1,0,0,0,0,1,0,1,1,1,0,0,0,0,1
1,0,1,1,1,1,1,0,0,1,1,0,1,1,0,0,0,0,0,1
0,0,0,1,0,1,0,0,1,0,1,0,1,0,0,0,0,0,0,1
1,0,0,1,1,1,0,0,1,0,1,0,1,0,1,1,0,0,0,1
1,0,0,0,1,1,0,0,0,0,1,0,0,0,1,0,0,1,1,1
0,1,1,1,1,1,0,0,1,0,1,0,0,0,0,0,0,0,0,1
0,0,0,1,0,1,1,0,1,0,0,0,0,0,1,0,0,0,0,1
0,0,0,0,1,1,0,0,1,0,1,0,0,1,0,0,1,1,0,1
0,0,0,1,0,1,0,1,1,0,1,0,1,0,0,0,1,0,0,1
0,0,0,1,0,1,0,0,0,0,1,0,1,0,0,0,0,0,0,1
0,0,0,1,0,1,0,0,0,0,1,0,1,0,1,0,0,0,0,1
1,0,0,1,1,1,0,0,0,0,1,0,1,1,0,0,1,0,1,1
0,0,0,1,1,1,0,0,1,1,1,0,1,1,1,0,0,0,1,1
0,0,0,1,1,1,0,0,1,0,1,0,0,1,0,1,1,1,0,1
0,0,0,1,0,1,0,0,0,0,1,0,1,0,1,0,0,0,0,1
0,0,0,0,1,1,0,0,1,0,1,0,1,1,0,0,0,0,0,1
0,0,0,1,0,1,0,0,1,0,1,0,1,0,0,0,0,0,0,1
0,0,0,1,0,1,0,0,0,0,1,0,1,0,0,0,0,0,0,1
0,0,0,1,0,1,0,0,1,0,1,0,1,0,0,0,0,0,0,1
1,0,0,0,1,1,0,0,0,0,1,0,0,0,1,0,0,0,0,1
0,0,0,0,1,0,0,0,0,0,1,0,0,0,0,0,0,0,0,1
0,0,0,0,1,1,0,0,0,0,1,1,0,1,1,0,1,0,1,1
0,0,0,0,0,1,0,0,1,0,1,0,0,1,1,0,1,0,1,1
0,0,0,0,1,1,0,0,1,0,1,0,0,1,0,0,1,1,0,1
0,0,0,1,0,1,0,0,0,0,1,0,1,0,0,0,0,0,0,1
0,0,0,1,0,1,0,0,0,0,1,0,1,0,0,0,0,0,0,1
0,0,0,1,1,1,0,0,0,0,1,0,0,0,0,0,0,0,0,1
1,0,1,1,1,1,0,0,1,0,1,0,1,1,1,0,1,1,0,1
0,0,0,1,0,0,0,0,0,0,0,0,0,0,0,0,0,0,0,1
1,0,0,0,1,1,0,0,0,0,1,0,0,0,1,0,0,1,1,1
0,0,0,1,1,1,0,0,0,0,0,0,1,1,1,0,0,0,0,1
0,0,0,0,0,0,0,0,0,0,1,0,0,0,0,0,0,0,0,1
0,0,0,0,0,1,0,0,0,0,1,0,0,1,1,0,0,0,0,1
0,0,0,1,0,1,0,0,0,0,1,0,1,0,1,0,0,0,0,1
0,0,0,1,0,1,0,0,0,0,0,0,0,0,0,0,0,0,0,1
0,0,0,1,0,1,0,0,1,0,1,0,1,0,1,0,0,0,0,1
0,0,0,1,1,1,0,0,1,0,1,0,0,1,0,1,1,1,0,1
0,0,0,0,0,1,0,0,0,0,1,0,0,1,0,1,0,0,0,1
0,0,0,1,1,1,0,0,0,0,1,0,1,0,1,0,0,0,0,1
0,0,0,1,0,1,0,0,0,0,1,0,1,0,1,0,0,0,0,1
0,0,0,1,0,1,0,0,0,0,0,0,1,1,0,0,0,0,1,1
1,0,1,1,1,1,0,0,1,0,1,0,1,1,1,0,1,1,0,1
0,0,0,0,1,1,0,0,1,0,1,1,0,1,1,0,1,0,1,1
0,0,0,0,0,1,0,0,0,0,0,1,0,0,1,0,0,0,0,1
0,0,0,1,0,1,0,0,0,0,1,0,1,0,0,0,0,0,0,1
0,0,0,0,0,1,0,0,1,0,1,1,0,1,1,0,1,0,0,1
0,0,0,0,0,0,0,0,0,0,1,0,0,1,1,0,0,0,0,1
1,0,0,0,1,1,0,0,0,0,1,0,0,0,1,0,0,0,0,1
0,0,0,0,1,1,0,0,1,0,1,0,1,1,0,0,1,0,1,1
0,0,0,1,0,1,0,0,0,0,0,0,0,0,0,0,0,0,0,1
0,0,0,1,1,1,0,0,0,0,1,0,0,0,0,0,0,0,0,1
0,0,0,1,0,1,0,0,1,0,1,0,1,0,1,0,0,0,0,1
0,0,0,1,1,1,0,0,0,0,1,0,0,0,0,0,0,0,0,1
0,0,0,0,0,0,0,0,0,0,0,0,0,0,0,0,0,0,0,1
0,1,1,1,1,1,0,0,1,0,1,0,0,0,0,0,0,0,0,1
0,0,0,1,0,1,1,0,1,0,0,0,0,0,1,0,0,0,0,1
0,0,0,0,1,1,0,0,0,0,1,1,0,1,1,0,1,0,1,1
0,0,0,0,0,1,0,0,0,0,0,0,0,0,1,0,0,0,0,1
0,0,0,0,1,1,0,0,0,0,1,1,0,1,1,0,0,0,1,1
0,0,0,0,1,1,0,0,1,0,1,1,0,1,1,0,1,0,1,1
0,0,0,1,0,0,0,0,1,0,0,0,1,0,0,0,0,0,0,1
0,0,0,1,1,1,0,0,0,0,1,0,1,0,0,0,0,0,0,1
0,0,0,1,0,1,1,0,1,0,0,0,0,0,1,0,0,0,0,1
0,0,0,0,0,0,0,0,0,0,1,0,0,0,0,0,0,0,0,1
0,0,0,1,1,1,0,0,0,0,0,0,1,1,1,0,0,0,0,1
1,0,1,1,1,1,0,0,0,0,1,0,1,1,1,0,0,0,1,1
0,0,0,1,0,1,0,0,0,0,1,0,1,0,0,0,0,0,0,1
0,0,0,1,0,0,0,0,0,0,0,0,1,0,0,0,0,0,0,1
1,0,0,0,1,1,0,0,0,0,1,0,0,0,0,0,0,0,0,1
0,0,0,1,1,1,0,0,0,0,1,0,1,0,1,0,0,0,0,1
0,0,0,1,0,1,0,1,1,0,1,1,1,1,1,0,0,0,1,1
0,0,0,0,0,0,0,0,0,0,1,0,0,0,0,0,0,0,0,1
1,0,0,0,1,1,0,0,0,0,1,0,0,0,0,0,0,1,1,1
0,1,0,1,1,1,0,0,0,0,1,0,0,0,0,0,0,0,0,1
0,1,1,1,1,1,0,0,1,0,1,0,0,0,0,0,0,0,0,1
0,0,0,1,0,1,0,0,1,0,0,0,0,0,1,0,0,0,0,1
0,0,0,0,1,1,0,0,0,0,1,0,0,0,0,0,0,0,0,1
0,0,0,1,1,1,0,0,1,0,1,0,0,1,0,1,1,1,0,1
0,0,0,0,1,1,0,0,0,0,0,1,0,0,1,0,0,0,0,1
1,0,1,1,1,1,0,0,0,0,1,0,1,1,1,0,0,0,1,1
1,0,0,0,1,1,0,0,0,0,1,0,0,0,1,0,0,0,0,1
0,0,0,0,1,1,0,0,0,0,1,1,0,1,1,0,0,0,1,1
0,0,0,0,0,1,0,0,0,0,0,0,0,0,1,0,0,0,0,1
1,0,0,0,1,1,0,0,0,0,1,0,0,0,1,0,0,0,0,1
0,0,0,1,0,1,0,0,0,0,1,0,1,0,1,0,0,0,0,1
0,0,0,1,0,1,0,0,0,0,1,0,1,0,0,0,0,0,0,1
0,0,0,0,1,1,0,0,0,0,1,1,0,0,1,0,1,0,0,1
0,0,0,0,1,1,0,0,0,0,1,1,0,1,1,0,0,0,1,1
0,0,0,1,0,0,0,0,0,0,1,0,1,0,0,0,0,0,0,1
0,0,0,0,1,1,0,0,0,0,1,1,0,0,1,0,1,0,1,1
0,0,0,0,0,1,0,0,0,0,1,0,0,1,1,0,0,0,0,1
0,0,0,0,0,1,0,0,1,0,1,0,0,1,1,0,1,0,1,1
0,0,0,1,1,1,0,0,0,0,0,0,1,1,1,0,0,0,0,1
0,0,0,1,1,1,0,0,0,0,1,0,0,1,1,0,0,0,0,1
0,0,0,1,0,1,1,0,1,0,0,0,1,0,1,0,0,0,0,1
0,0,0,0,0,1,0,0,0,0,1,0,0,1,1,1,0,0,0,1
0,0,0,1,1,1,0,0,1,0,1,0,0,0,0,1,0,1,0,1
0,0,0,0,1,1,0,0,0,0,1,0,0,1,0,0,0,0,0,1
0,0,1,1,0,1,0,0,1,0,1,0,1,1,0,0,0,0,0,1
0,0,0,1,1,1,0,0,1,0,1,0,0,1,0,1,1,1,0,1
0,0,0,1,1,1,0,0,1,0,0,0,0,0,0,0,0,0,0,1
0,0,0,0,1,1,0,0,1,0,1,0,1,1,1,0,0,0,0,1
0,0,1,1,1,1,0,0,1,0,1,0,1,0,0,0,1,0,0,1
1,0,0,0,1,1,0,0,0,0,1,0,0,0,0,0,1,0,0,1
0,0,0,0,0,1,0,0,0,0,1,0,0,0,0,0,0,0,0,1
0,0,0,1,1,1,0,0,1,0,1,0,1,1,0,0,1,0,1,1
0,0,0,1,0,0,0,0,0,0,1,0,1,0,0,0,0,0,0,1
0,0,0,0,1,1,0,0,0,0,1,0,0,0,0,0,1,0,1,1
0,0,0,1,0,1,0,0,0,0,1,0,1,0,1,0,0,0,0,1
0,0,0,1,0,1,1,0,1,0,0,0,1,0,1,0,0,0,0,1
1,0,0,0,1,1,0,0,0,0,1,0,0,1,1,0,0,0,1,1
1,0,0,0,1,1,0,1,0,0,1,1,1,1,1,1,1,0,1,1
0,0,0,0,1,1,0,0,0,0,1,1,0,1,1,0,1,0,1,1
0,0,1,1,1,1,0,0,1,0,1,0,1,0,0,0,1,0,0,1
0,0,0,0,0,0,0,0,0,0,0,0,0,0,0,0,0,0,0,1
1,0,0,0,1,1,0,0,0,0,1,0,0,0,0,1,0,0,0,1
0,0,0,1,1,1,0,0,1,0,1,0,0,1,0,1,1,1,0,1
0,1,1,1,1,1,0,0,1,0,1,0,1,1,1,0,0,0,0,1
0,0,0,0,1,1,0,0,0,0,1,0,0,0,0,0,0,0,0,1
1,0,0,0,1,1,0,0,0,0,1,0,0,0,1,0,0,0,0,1
0,0,1,0,1,1,0,0,0,1,1,0,0,1,1,0,0,0,1,1
0,0,0,1,1,1,0,0,0,0,1,0,1,1,1,1,0,1,0,1
1,0,0,0,1,1,0,0,0,0,1,0,0,0,1,1,0,0,0,1
0,0,0,1,0,1,0,0,1,0,1,0,1,0,0,0,0,0,0,1
0,0,0,1,1,1,1,0,1,1,1,0,1,1,1,1,1,1,0,1
0,1,1,1,1,1,0,0,1,0,1,0,0,0,0,0,0,0,0,1
1,0,0,0,1,1,0,0,0,0,1,0,0,0,0,0,1,1,0,1
0,0,1,1,1,1,0,0,1,0,1,0,1,1,0,0,1,0,0,1
0,0,0,0,1,1,0,0,1,0,1,1,0,1,1,0,0,0,1,1
0,0,0,1,1,1,0,0,1,0,1,0,0,1,0,1,1,1,0,1
0,0,0,1,0,1,0,1,1,0,1,1,1,1,1,0,0,0,1,1
0,0,0,0,1,1,0,0,0,0,1,0,0,0,1,0,0,0,0,1
0,0,0,1,0,1,0,0,1,0,1,0,1,1,1,0,1,0,0,1
0,0,0,0,0,1,0,0,0,0,1,0,0,1,1,0,0,0,0,1
0,0,0,0,0,1,0,0,0,0,1,1,0,0,1,0,1,0,0,1
0,0,1,1,0,1,0,0,1,0,1,0,1,1,0,0,0,0,0,1
0,0,1,0,1,1,0,0,0,0,1,0,0,0,0,0,0,1,0,1
0,0,0,1,0,1,1,0,1,0,0,0,0,0,1,0,0,0,0,1
1,0,0,1,0,1,0,0,1,1,1,0,1,1,1,0,1,1,0,1
0,0,0,1,1,1,0,0,0,0,1,0,1,0,1,0,0,0,0,1
1,0,0,0,0,1,0,0,0,0,1,0,0,0,0,0,1,0,0,1
0,0,0,0,0,0,0,0,0,0,1,0,1,0,0,1,0,1,0,1
0,0,0,1,0,1,0,0,0,0,0,0,0,0,1,0,0,0,0,1
0,0,0,0,1,1,0,0,0,0,1,1,0,1,1,0,0,0,1,1
0,0,0,1,0,1,0,0,0,0,1,0,1,0,0,0,0,0,0,1
0,0,0,1,0,1,0,0,1,0,1,0,1,0,0,0,0,0,0,1
0,0,0,0,0,1,0,0,0,0,1,0,0,1,0,0,1,1,0,1
0,0,0,0,0,1,0,0,0,0,1,0,0,1,1,0,0,0,0,1
0,0,0,0,1,1,0,0,1,0,1,0,0,1,1,0,1,0,1,1
0,0,0,1,0,1,0,0,1,0,1,0,1,0,0,1,0,0,0,1
0,0,1,1,1,1,0,0,1,1,1,0,1,1,0,0,1,1,0,1
0,1,0,0,0,1,0,1,0,0,1,0,1,1,1,1,1,1,1,1
0,0,0,1,1,1,0,0,0,0,0,0,1,1,1,0,0,0,0,1
0,0,0,1,0,0,0,0,1,0,1,0,1,0,0,0,0,0,0,1
0,0,0,1,0,1,0,0,1,0,1,0,1,0,0,0,0,0,0,1
0,0,0,0,0,1,0,0,1,0,1,0,0,1,0,0,0,1,0,1
1,0,1,1,1,1,0,0,0,0,1,0,1,1,1,0,0,0,1,1
0,0,0,1,0,1,0,0,0,0,1,0,1,0,1,0,0,0,0,1
1,0,1,1,1,1,0,0,1,0,1,0,1,1,1,0,1,1,0,1
0,0,0,1,0,1,0,0,1,0,0,0,0,0,0,0,0,0,0,1
1,0,0,0,1,1,1,0,1,0,1,0,0,0,0,0,0,0,0,1
0,0,0,1,0,1,0,0,0,0,0,0,0,0,0,0,0,0,0,1
0,0,0,0,0,0,0,0,0,0,1,0,0,0,0,0,0,0,0,1
1,0,0,0,1,1,0,0,0,0,1,0,0,0,0,0,0,0,1,1
0,0,0,1,0,1,0,0,0,0,0,0,1,0,1,0,0,0,0,1
0,0,0,0,0,1,1,1,0,1,1,0,0,1,0,0,0,0,0,1
0,0,0,1,0,1,0,0,1,0,1,0,1,0,0,0,0,0,0,1
1,0,0,1,1,1,0,0,0,1,1,0,1,1,1,0,0,1,1,1
0,0,0,1,0,1,0,1,1,0,1,0,1,0,1,0,0,0,0,1
0,0,0,1,0,1,0,0,0,0,1,0,1,0,0,0,0,0,0,1
0,0,0,0,1,1,0,0,1,0,1,1,0,1,1,0,0,0,1,1
0,0,0,0,0,1,0,0,1,0,1,0,0,1,1,0,0,0,1,1
0,1,0,1,0,0,1,0,0,0,1,0,1,0,0,0,1,0,0,1
0,0,0,1,0,1,1,0,1,0,0,0,1,0,1,0,0,0,0,1
1,0,0,0,1,1,0,0,0,0,1,0,0,0,0,0,1,1,1,1
0,0,0,1,0,1,0,0,0,0,0,0,1,0,1,0,0,0,0,1
0,0,0,1,0,1,0,0,1,0,1,0,1,0,0,0,0,0,0,1
0,0,0,0,0,0,0,0,0,0,0,0,0,0,0,0,0,0,0,1
0,0,0,1,1,1,0,0,1,0,1,0,0,0,1,0,0,1,0,1
1,0,0,1,0,1,0,0,0,0,1,0,1,1,0,0,1,0,0,1
1,0,0,0,1,1,0,0,0,0,1,0,0,0,0,0,0,0,1,1
1,0,0,1,1,1,0,0,0,0,1,0,1,1,1,0,0,0,1,1
0,0,0,0,0,1,0,0,0,0,1,0,0,1,1,0,0,1,0,1
0,0,0,1,1,1,0,0,0,0,0,0,1,1,1,0,0,0,0,1
0,0,0,0,0,0,1,0,0,0,0,0,0,0,0,0,0,0,0,1
1,0,0,0,1,1,0,0,0,0,1,0,0,0,0,0,1,0,0,1
0,1,0,1,1,1,0,0,0,0,1,0,0,0,0,0,0,0,0,1
1,0,0,1,0,1,0,0,0,0,1,0,1,1,1,0,0,0,0,1
0,0,0,0,1,1,0,0,0,0,1,1,0,1,1,0,0,0,1,1
0,0,0,1,0,1,0,0,1,0,1,0,1,0,0,0,0,0,0,1
0,0,0,0,1,1,0,0,0,0,1,1,0,0,1,0,0,0,1,1
0,0,0,0,0,1,0,0,0,0,1,0,0,0,0,0,1,0,0,1
1,0,0,0,1,1,0,0,0,0,1,0,0,0,0,0,0,1,0,1
0,0,1,1,1,1,0,0,1,0,1,0,1,0,0,0,1,0,0,1
0,0,0,0,0,0,0,0,0,0,1,0,0,0,0,0,0,0,0,1
1,0,0,1,1,1,0,0,0,1,1,0,1,1,1,0,0,1,1,1
0,0,0,1,0,1,0,0,0,0,1,0,1,0,0,0,0,0,0,1
1,0,0,1,0,1,0,0,1,1,1,0,1,1,1,0,1,1,0,1
1,0,1,1,1,1,0,0,1,0,1,0,1,1,1,0,1,1,0,1
0,0,0,0,0,1,0,0,0,0,1,0,0,1,0,0,0,0,0,1
0,0,0,0,1,1,0,0,0,0,1,0,0,0,1,0,0,0,0,1
0,0,0,1,1,1,0,0,0,0,1,0,0,0,0,0,0,0,0,1
0,0,0,0,1,1,0,0,0,0,1,1,0,1,1,0,1,0,1,1
1,0,0,0,1,1,0,0,0,0,1,0,0,1,1,0,0,0,1,1
0,0,0,1,0,0,0,0,1,0,0,0,1,0,0,0,0,0,0,1
0,0,0,0,1,1,0,0,0,0,1,1,0,1,1,0,0,0,1,1
0,0,0,0,0,0,0,0,0,0,1,0,0,0,0,0,0,0,0,1
0,0,1,0,1,1,0,0,1,0,1,0,0,0,0,0,0,0,0,1
0,0,0,0,1,1,0,1,0,0,1,1,0,1,1,0,1,0,1,1
0,0,0,1,0,1,0,0,0,0,1,0,1,0,1,0,0,0,0,1
1,0,0,0,1,1,0,0,0,0,1,0,0,0,0,1,0,0,0,1
0,0,0,1,1,1,0,0,0,0,0,0,1,1,1,0,0,0,0,1
0,0,0,0,1,1,0,0,0,0,1,0,0,0,0,0,1,1,0,1
0,0,0,1,1,0,0,0,0,0,1,0,1,0,0,0,0,0,0,1
0,1,0,1,1,1,0,0,0,0,1,0,0,0,0,0,0,0,0,1
0,0,0,0,1,0,0,0,0,0,1,0,0,0,0,0,0,0,0,1
0,0,0,0,1,1,0,0,0,0,1,1,0,1,0,0,1,1,0,1
0,0,0,0,1,1,0,0,1,0,1,1,0,1,0,0,1,1,0,1
0,0,0,0,1,1,0,0,0,0,1,0,0,1,0,1,1,0,0,1
0,0,0,1,1,1,0,1,1,0,1,1,1,1,1,0,0,0,1,1
0,1,0,1,1,1,0,0,0,0,1,0,0,0,0,0,0,0,0,1
0,0,0,1,0,1,0,0,0,0,1,0,1,0,1,0,0,0,0,1
0,0,0,1,1,1,0,0,1,0,1,0,1,1,0,0,1,0,1,1
0,0,0,1,1,1,0,0,1,0,1,0,0,1,0,1,1,1,0,1
0,0,0,1,1,1,0,0,0,0,1,0,1,1,1,0,0,0,0,1
0,0,0,0,1,1,0,0,0,0,1,0,0,1,0,0,0,0,0,1
0,0,0,0,0,0,0,0,0,0,1,0,0,0,0,0,0,0,0,1
0,0,0,1,1,1,0,0,0,0,0,0,1,1,1,0,0,0,0,1
0,0,0,1,0,1,0,0,0,0,0,0,0,0,0,0,0,0,0,1
0,0,0,0,1,1,0,0,0,0,1,1,0,1,1,0,1,0,1,1
0,0,0,1,1,0,0,0,0,0,1,0,1,0,0,0,0,0,0,1
0,0,0,0,1,1,0,0,0,0,1,1,0,1,1,0,1,0,1,1
0,0,0,0,0,1,0,0,1,0,1,0,0,1,0,0,0,1,0,1
1,0,0,1,0,1,1,0,1,1,1,0,1,1,1,0,1,1,1,1
0,0,0,1,1,1,0,0,0,0,0,0,1,1,1,0,0,0,0,1
0,0,0,0,0,1,0,1,1,0,1,1,0,1,1,0,0,0,1,1
0,0,0,1,0,0,0,1,1,0,1,0,1,0,0,0,0,0,0,1
0,0,0,1,0,1,0,0,1,0,1,0,1,0,0,0,0,0,0,1
0,0,0,1,1,1,0,0,1,0,1,0,0,1,0,1,1,1,0,1
0,1,1,1,1,1,0,0,1,0,1,0,0,0,0,0,0,0,0,1
0,0,0,0,1,1,0,0,0,0,1,1,0,0,1,0,0,0,1,1
0,0,0,0,1,0,0,0,0,0,1,0,0,0,0,0,0,0,0,1
1,0,0,0,1,1,0,0,0,0,1,0,0,0,0,0,1,1,1,1
0,0,0,1,0,1,0,0,1,0,1,0,1,0,0,0,0,0,0,1
0,0,0,1,0,1,0,0,0,0,1,0,1,0,1,0,0,0,0,1
1,1,1,1,1,1,0,0,1,1,1,0,0,1,0,0,1,0,0,1
0,0,0,1,0,1,0,1,1,0,1,0,1,0,1,0,0,0,0,1
0,0,0,1,0,1,0,0,0,0,1,0,1,0,1,0,0,0,0,1
0,0,0,0,0,0,0,0,0,0,1,0,0,0,0,1,1,0,0,1
0,0,0,1,0,1,0,0,1,0,1,0,1,0,0,0,0,0,0,1
0,0,0,1,0,1,0,0,0,0,1,0,1,0,0,0,0,0,0,1
0,0,0,1,1,1,0,0,1,0,1,0,0,1,0,1,0,1,0,1
0,0,0,0,1,0,0,0,1,0,1,0,1,1,1,0,1,0,0,1
0,1,1,1,1,1,0,0,1,0,1,0,0,0,0,0,0,0,0,1
0,0,0,0,0,1,0,0,0,0,1,0,0,0,0,0,1,0,0,1
0,0,0,1,0,1,0,0,1,0,1,0,1,0,0,0,0,0,0,1
0,1,1,1,1,1,0,0,1,0,1,0,0,0,0,0,0,0,0,1
0,0,0,1,0,0,0,0,0,0,0,0,1,0,0,0,0,0,0,1
0,0,0,0,1,1,0,0,0,0,0,1,0,0,1,0,0,0,0,1
0,0,0,1,1,1,0,0,1,0,1,0,0,1,0,1,1,1,0,1
0,0,0,1,0,1,0,0,0,0,1,0,1,0,0,0,0,0,0,1
0,0,0,0,1,1,0,0,0,0,1,1,0,1,1,1,1,0,1,1
0,0,0,0,1,1,0,0,1,0,1,0,0,1,0,0,1,1,0,1
0,0,0,1,1,1,0,0,1,0,1,0,1,1,0,1,1,1,0,1
0,1,0,0,0,0,0,0,0,0,1,0,0,0,0,0,0,0,0,1
0,0,1,1,0,1,0,0,1,0,1,0,1,1,0,0,0,0,0,1
1,0,0,0,1,1,0,0,0,0,1,0,0,0,1,0,0,1,1,1
0,1,1,1,1,1,0,0,1,0,1,0,0,0,0,0,0,0,0,1
0,0,0,1,1,1,0,0,0,0,1,0,1,1,0,0,1,0,1,1
0,1,0,1,0,0,1,0,1,0,0,0,1,0,0,0,0,0,0,1
1,0,0,1,0,1,0,0,0,0,1,0,1,1,1,0,0,0,1,1
0,1,1,0,1,1,0,0,0,0,1,0,1,1,1,1,1,0,1,1
0,0,0,1,0,1,0,0,0,0,1,0,1,0,0,0,0,0,0,1
0,0,0,0,0,1,0,0,0,0,1,0,0,0,0,0,0,0,0,1
0,0,0,0,0,0,0,0,0,0,1,0,0,0,0,0,0,0,0,1
0,0,0,1,1,1,0,0,0,0,0,0,1,1,1,0,0,0,0,1
0,0,0,1,0,1,0,0,0,0,1,0,1,0,1,0,0,0,0,1
0,0,0,0,0,0,0,0,0,0,1,0,1,0,0,1,0,1,0,1
1,0,0,0,1,1,0,0,0,0,1,1,0,0,1,0,0,0,1,1
1,0,0,1,0,1,0,0,0,0,1,0,1,1,0,1,1,0,0,1
0,0,0,0,0,1,1,0,0,0,1,0,1,1,1,0,0,0,1,1
0,0,1,1,0,1,0,0,1,0,1,0,1,1,0,0,0,0,0,1
0,0,0,0,0,0,0,0,0,0,0,0,0,0,0,0,0,0,0,1
0,0,0,1,1,1,0,0,0,0,1,0,0,0,0,0,0,0,0,1
0,0,0,1,0,1,0,0,0,0,1,0,1,0,0,0,0,0,0,1
0,1,0,0,0,1,0,0,0,0,1,0,0,1,1,0,1,0,1,1
0,0,0,1,0,1,0,0,1,0,1,0,1,0,0,0,0,0,0,1
1,0,0,0,1,1,1,0,0,0,1,0,0,0,0,0,0,0,0,1
1,0,0,1,0,1,0,0,1,1,1,0,1,1,1,0,1,1,0,1
0,0,0,0,1,1,0,0,0,0,1,0,0,1,0,0,0,0,0,1
0,0,0,1,0,1,0,0,0,0,1,0,0,0,1,0,0,0,0,1
0,0,0,0,0,1,0,1,1,0,1,1,0,1,1,0,0,0,1,1
0,0,0,1,0,1,0,0,0,0,1,0,1,0,1,0,0,0,0,1
1,0,0,1,0,1,0,1,1,1,1,0,1,1,1,0,1,1,0,1
0,0,0,1,0,1,0,0,1,0,1,0,1,0,0,0,0,0,0,1
0,0,0,1,0,1,0,0,1,0,1,0,1,0,0,0,0,0,0,1
0,0,0,0,1,1,0,0,0,0,1,0,0,0,0,0,0,0,0,1
0,0,1,0,0,1,0,1,0,0,1,0,0,0,0,0,0,0,0,0
0,1,0,0,0,1,0,0,0,0,1,0,0,1,1,0,1,0,1,1
1,0,1,1,1,1,0,0,0,0,1,0,1,1,1,0,0,0,1,1
1,0,1,1,1,1,0,0,1,0,1,0,1,1,1,0,1,1,0,1
1,0,0,0,1,1,0,0,0,0,1,0,1,0,1,1,0,0,0,1
0,0,0,0,1,1,0,0,0,0,1,1,0,1,1,0,1,0,1,1
0,0,0,1,0,0,0,0,1,0,1,0,1,0,0,0,0,0,0,1
1,0,0,0,1,1,0,0,0,0,1,0,0,0,1,0,1,1,1,1
1,0,1,1,1,1,0,0,1,0,1,0,1,1,1,0,1,1,0,1
0,0,1,1,0,1,0,0,1,0,1,0,1,1,0,0,0,0,0,1
0,0,0,1,0,1,0,0,0,0,0,0,0,0,0,0,0,0,0,1
0,1,1,0,1,1,1,1,0,1,0,0,0,0,0,1,0,0,0,0
0,1,0,0,0,1,0,1,0,0,0,0,0,0,0,0,0,0,0,0
0,1,1,1,0,1,1,1,1,1,0,0,0,0,0,0,0,0,0,0
0,1,1,1,1,1,1,1,1,1,0,0,0,0,0,0,0,0,0,0
0,1,1,1,1,1,1,1,1,1,1,1,1,1,1,1,1,1,1,0
0,1,1,0,1,1,1,0,1,1,0,0,0,0,0,1,0,0,0,0
0,1,1,1,1,1,1,1,0,1,1,1,0,1,1,1,1,0,1,0
0,1,1,0,0,1,1,1,0,1,1,1,0,1,1,1,1,0,1,0
0,1,0,0,0,0,0,1,0,0,1,1,0,0,0,1,1,0,1,0
0,1,1,1,1,1,1,1,1,1,1,0,0,0,0,1,1,0,1,0
0,1,1,0,0,1,0,1,1,1,1,1,0,1,1,1,1,0,1,0
0,1,0,0,0,1,1,1,0,1,1,1,0,1,0,1,1,0,1,0
0,1,0,0,0,1,0,1,0,1,0,0,0,0,0,0,0,0,0,0
0,1,1,0,0,1,0,1,0,0,1,1,0,1,1,1,1,0,1,0
0,1,1,0,1,1,1,1,0,0,0,0,0,0,0,1,0,0,0,0
0,1,1,0,1,1,1,1,0,1,0,0,0,0,0,1,0,0,0,0
0,0,1,0,1,1,1,1,0,1,0,0,0,0,0,1,0,0,0,0
0,1,1,1,1,1,1,1,1,1,1,1,1,1,0,1,1,1,1,0
0,1,1,1,1,1,1,1,1,1,0,0,0,0,0,1,0,0,0,0
0,1,1,1,1,1,0,1,1,1,1,0,0,1,0,1,1,0,1,0
0,1,1,0,0,1,1,1,1,1,0,0,0,0,0,1,0,0,0,0
0,1,1,1,0,1,1,1,1,0,0,0,0,0,0,1,0,0,0,0
0,1,0,0,0,1,0,0,0,1,1,1,0,1,1,1,1,0,1,0
0,1,0,0,0,1,1,1,0,0,0,0,0,0,0,1,0,0,0,0
0,0,1,0,0,1,0,0,0,0,1,1,0,1,0,1,1,0,0,0
0,0,0,0,0,1,0,1,0,0,1,0,0,0,0,1,1,0,1,0
0,1,1,1,1,1,1,1,1,1,0,0,0,0,0,1,0,0,0,0
0,0,1,0,1,1,0,0,0,1,1,1,0,1,0,1,1,0,1,0
0,1,1,0,1,1,1,0,0,1,1,1,0,1,1,1,1,0,1,0
0,0,1,0,0,1,0,0,0,0,0,0,0,0,0,1,0,0,0,0
0,1,1,1,1,1,1,0,1,0,0,0,0,0,0,1,0,0,0,0
0,1,1,1,1,1,1,1,1,1,1,1,0,1,1,1,1,1,1,0
0,1,1,1,1,1,1,1,1,1,0,0,0,0,0,1,0,0,0,0
0,1,1,0,1,1,1,1,0,1,1,0,0,1,0,1,1,1,1,0
0,1,1,0,0,1,0,1,0,1,0,0,0,0,0,1,0,0,0,0
0,0,1,0,0,1,0,1,0,1,1,0,0,1,0,1,1,0,1,0
0,1,1,0,1,1,1,1,0,1,1,1,0,1,1,1,1,1,1,0
0,1,1,1,1,1,1,1,0,1,1,0,1,1,1,1,1,1,1,0
0,1,1,0,1,1,1,1,0,1,0,0,0,0,0,1,0,0,0,0
0,1,1,0,1,1,1,1,0,0,1,1,1,1,1,1,1,0,1,0
0,1,1,1,1,1,1,1,0,1,0,0,0,0,0,1,0,0,0,0
0,0,1,0,1,1,1,0,0,0,1,1,0,1,0,1,1,0,1,0
0,0,0,0,0,1,0,0,0,0,1,1,0,0,0,1,1,0,1,0
0,1,1,0,0,1,1,1,0,1,1,0,0,1,0,1,1,0,1,0
0,1,1,0,1,1,1,1,0,1,0,0,0,0,0,1,0,0,0,0
0,1,1,1,1,1,1,1,1,1,0,0,0,0,0,1,0,0,0,0
0,1,1,0,1,1,0,0,0,1,0,0,0,0,0,1,0,0,0,0
0,1,1,0,1,1,1,0,0,1,0,0,0,0,0,1,0,0,0,0
0,0,1,0,0,1,1,0,0,1,1,0,0,1,1,1,1,0,1,0
0,1,1,0,1,1,0,0,0,1,1,1,0,1,1,1,1,0,1,0
0,1,1,0,0,1,1,0,0,1,0,0,0,0,0,1,0,0,0,0
0,0,0,0,0,1,0,1,0,0,1,1,0,1,1,1,1,0,1,0
0,0,0,0,0,0,1,1,0,0,1,1,0,0,0,1,1,0,1,0
0,0,1,0,1,1,1,1,0,0,1,1,1,1,1,1,1,0,1,0
0,1,1,0,1,1,1,1,0,0,0,0,0,0,0,1,0,0,0,0
0,1,1,0,1,1,1,0,0,1,0,0,0,0,0,1,0,0,0,0
0,1,1,0,0,1,1,1,0,1,0,0,0,0,0,1,0,0,0,0
0,1,1,1,1,1,1,1,1,1,0,0,0,0,0,1,0,0,0,0
0,0,0,0,0,1,0,1,0,0,1,0,0,1,1,1,1,0,1,0
1,1,1,0,1,1,0,1,0,1,0,0,0,0,0,1,0,0,0,0
0,1,1,1,1,1,1,1,1,1,0,0,0,0,0,1,0,0,0,0
0,1,0,0,1,1,1,1,0,1,0,0,0,0,0,1,0,0,0,0
0,0,1,0,0,1,0,0,0,0,0,0,0,0,0,0,0,0,0,0
0,1,1,1,1,1,1,0,1,1,0,0,0,0,0,1,0,0,0,0
0,1,1,0,1,1,1,1,0,0,0,0,0,0,0,1,0,0,0,0
0,0,0,0,0,1,0,0,0,0,1,0,0,1,0,1,1,0,1,0
0,1,1,0,1,1,0,0,0,1,0,0,0,0,0,1,0,0,0,0
0,1,1,0,1,1,1,1,0,0,1,0,0,1,0,1,1,1,1,0
0,1,1,0,1,1,1,0,0,1,0,0,0,0,0,1,0,0,0,0
0,0,0,0,0,0,0,0,0,0,1,0,0,0,0,1,1,0,1,0
0,1,1,0,1,1,1,0,0,1,1,1,0,1,1,1,1,0,1,0
0,1,1,1,1,1,1,1,1,1,0,0,0,0,0,1,0,0,0,0
0,1,0,0,1,1,0,1,0,0,0,0,0,0,0,1,0,0,0,0
0,0,0,0,0,0,0,0,0,0,1,0,0,0,0,1,1,0,0,0
0,1,1,0,0,1,0,0,0,0,1,0,0,0,0,1,0,0,0,0
0,1,0,0,0,1,0,0,0,1,0,0,0,0,0,1,0,0,0,0
0,1,1,1,1,1,1,1,1,1,0,0,0,0,0,0,0,0,0,0
0,1,1,1,1,1,1,1,1,1,0,0,0,0,0,1,0,0,0,0
0,1,1,0,1,1,1,1,0,1,0,0,0,0,0,1,0,0,0,0
0,1,1,1,1,1,1,0,1,1,0,0,0,0,0,1,0,0,0,0
0,1,0,0,1,1,1,0,1,1,1,1,0,1,1,1,1,0,1,0
0,1,0,0,0,1,0,0,0,1,0,0,0,0,0,0,0,0,0,0
0,1,1,0,1,1,1,1,0,1,0,0,0,0,0,1,0,0,0,0
0,0,0,0,0,1,0,0,0,0,1,0,0,0,0,1,0,0,0,0
0,1,1,0,1,1,1,1,1,1,1,1,0,1,1,1,1,0,1,0
0,1,1,0,0,1,1,1,0,1,0,0,0,0,0,1,0,0,0,0
0,1,0,0,0,1,0,0,0,1,1,1,0,1,1,1,1,0,1,0
0,1,1,0,0,1,1,1,0,0,0,0,0,0,0,1,0,0,0,0
0,0,1,0,1,1,1,0,1,1,1,1,0,1,1,1,1,1,1,0
0,0,1,0,1,1,1,1,0,1,1,1,0,1,1,1,1,0,1,0
0,1,0,0,1,1,1,1,0,1,0,0,0,0,0,1,0,0,0,0
0,1,1,0,1,1,1,1,0,1,1,1,0,1,0,1,1,0,1,0
0,0,0,0,0,1,0,0,0,0,1,0,0,1,0,1,1,0,1,0
0,1,1,0,0,1,1,1,0,1,0,0,0,0,0,1,0,0,0,0
0,0,1,0,1,1,1,1,0,0,1,1,0,1,0,1,0,0,0,0
0,1,1,0,1,1,1,1,1,1,0,0,0,0,0,1,0,0,0,0
0,1,1,1,1,1,1,1,1,1,0,0,0,0,0,1,0,0,0,0
0,1,1,0,1,1,1,1,0,1,1,1,0,1,1,1,1,0,1,0
0,1,1,0,1,1,1,1,1,1,0,0,0,0,0,1,0,0,0,0
0,1,0,0,1,0,0,1,0,0,1,0,0,0,0,1,1,0,1,0
0,1,1,0,1,1,1,0,0,0,0,0,0,0,0,1,0,0,0,0
0,1,1,0,0,1,0,0,0,1,0,0,0,0,0,1,0,0,0,0
0,1,1,0,1,1,1,1,0,1,1,1,0,1,1,1,1,1,1,0
0,0,1,0,1,1,1,0,1,0,1,0,0,0,0,1,1,1,1,0
0,1,1,0,1,1,1,1,0,1,0,0,0,0,0,1,0,0,0,0
0,1,1,1,1,1,1,1,1,1,1,1,0,1,1,1,1,1,1,0
0,1,1,0,0,1,1,1,0,1,1,1,0,1,1,1,1,1,1,0
0,1,1,0,1,1,1,1,0,1,1,1,0,1,0,1,1,1,1,0
0,1,1,0,0,1,1,0,0,0,0,0,0,0,0,1,0,0,0,0
0,0,1,0,0,1,0,1,0,0,1,1,0,1,0,1,1,0,1,0
0,1,1,1,1,1,1,1,1,1,1,1,0,1,1,1,1,1,1,0
0,1,1,0,0,1,0,0,0,1,0,0,0,0,0,1,0,0,0,0
0,1,1,1,1,1,1,0,1,1,0,0,0,0,0,1,0,0,0,0
0,1,1,0,1,1,1,1,0,0,1,1,0,1,1,1,1,1,1,0
0,1,1,1,0,1,1,1,0,0,1,1,0,1,1,1,1,0,1,0
0,1,1,1,1,1,1,1,1,1,1,0,0,0,0,0,1,0,0,0
0,1,1,1,1,1,0,1,1,1,0,0,0,0,0,1,0,0,0,0
0,1,1,0,1,1,1,1,0,1,0,0,0,0,0,1,0,0,0,0
0,1,1,1,1,1,0,1,1,1,1,1,1,1,1,1,1,1,1,0
0,0,1,0,1,1,1,1,0,1,1,1,0,1,1,1,1,0,1,0
0,0,1,0,0,1,1,1,1,1,1,1,0,1,1,1,1,0,1,0
0,0,0,0,0,1,1,0,0,0,1,1,0,1,0,1,1,1,1,0
0,1,1,0,0,1,1,1,1,1,0,0,0,0,0,1,0,0,0,0
0,1,1,1,1,1,1,1,1,1,1,1,0,1,1,1,1,0,1,0
0,1,1,0,1,1,1,1,0,1,1,1,0,1,1,1,1,0,1,0
0,1,1,0,1,1,0,1,0,1,0,0,0,0,0,1,0,0,0,0
0,0,0,0,0,0,0,0,0,0,1,0,0,0,0,1,1,0,0,0
0,0,0,0,1,1,0,1,0,0,0,0,0,0,0,1,0,0,0,0
0,0,1,0,0,1,1,0,0,0,0,0,0,0,0,0,0,0,0,0
0,1,1,0,1,1,1,0,0,0,0,0,0,0,0,1,0,0,0,0
0,0,0,0,0,0,0,0,0,0,1,0,0,0,0,1,1,0,1,0
0,0,0,0,0,0,0,0,0,0,1,1,0,0,0,1,1,0,1,0
0,1,1,0,1,1,1,0,1,0,1,1,0,1,1,1,1,1,1,0
0,1,1,1,1,1,1,0,0,1,1,1,1,1,1,1,1,0,1,0
0,1,1,0,1,1,1,1,0,1,1,1,0,1,0,1,1,0,1,0
0,0,0,0,0,0,0,0,0,0,0,0,0,0,0,0,0,0,0,0
0,1,1,0,0,1,0,0,0,1,0,0,0,0,0,1,0,0,0,0
0,1,1,0,1,1,1,1,0,1,0,0,0,0,0,1,0,0,0,0
0,1,1,0,0,1,1,1,0,1,0,0,0,0,0,1,0,0,0,0
0,1,0,1,1,1,1,1,0,1,0,0,0,0,0,1,0,0,0,0
0,1,1,0,1,1,1,1,0,1,0,0,0,0,0,1,0,0,0,0
0,1,1,1,1,1,1,0,0,1,1,1,1,1,1,1,1,0,1,0
0,0,0,0,0,1,0,0,0,0,1,0,0,1,0,0,1,1,0,1
1,0,0,0,1,1,0,0,0,0,1,0,0,0,1,0,0,1,1,1
0,0,0,0,0,0,0,1,0,0,1,1,0,0,0,1,1,0,1,0
0,0,0,0,0,0,0,0,0,0,1,1,0,0,0,0,1,0,0,0
0,0,0,0,0,0,0,0,0,0,1,0,0,0,0,1,1,0,1,0
0,0,0,0,0,0,0,1,0,0,1,1,0,0,1,1,1,0,1,0
0,0,0,0,0,0,0,0,0,0,1,1,0,0,0,1,1,0,1,0
0,0,0,0,0,1,0,0,0,0,1,1,0,0,0,1,1,0,1,0
0,0,0,0,0,0,0,0,0,0,0,0,0,0,0,0,0,0,0,0
0,0,1,0,0,1,0,1,0,1,1,1,0,1,1,1,1,0,1,0
0,1,1,0,1,1,1,0,0,1,1,0,0,1,0,1,1,0,0,0
0,0,0,0,0,0,0,0,0,0,1,1,0,0,0,1,1,0,0,0
0,0,0,0,1,1,1,1,0,0,1,0,0,0,0,1,1,1,1,0
0,0,0,0,0,0,0,0,0,0,1,0,0,0,0,1,1,0,0,0
0,0,0,0,0,0,0,1,0,0,1,1,0,0,0,1,1,1,1,0
0,0,0,0,0,0,0,0,0,0,1,0,0,0,0,1,1,0,0,0
0,0,0,0,0,1,0,0,0,0,1,1,0,0,0,1,1,0,1,0
0,0,0,0,0,0,0,0,0,0,1,0,0,0,0,1,1,0,1,0
0,0,0,0,0,0,0,0,0,0,1,1,0,0,0,1,1,0,0,0
0,0,0,0,0,0,0,1,0,0,1,1,0,0,1,1,1,0,1,0
0,0,0,0,0,0,1,0,0,0,1,1,0,0,0,1,1,0,1,0
0,0,0,0,0,0,0,0,0,0,1,1,0,0,0,1,1,0,0,0
0,0,0,1,0,0,0,1,0,0,1,0,0,0,0,1,1,0,1,0
0,1,0,0,0,1,0,1,0,0,1,1,0,0,1,1,1,0,1,0
0,0,0,0,0,1,0,1,0,0,1,1,0,0,0,1,1,0,1,0
0,0,1,1,1,1,0,0,0,0,1,1,0,1,0,1,1,0,1,0
0,0,0,0,0,0,0,0,0,0,1,0,0,0,0,1,1,0,0,0
0,0,0,0,0,0,0,0,0,0,1,1,0,0,0,1,1,0,0,0
0,0,0,0,1,0,0,0,0,0,1,1,0,0,0,1,1,0,1,0
0,0,0,0,1,0,0,0,0,0,1,0,0,0,0,1,1,0,0,0
0,0,0,0,0,0,0,0,0,0,1,0,0,0,0,1,1,0,1,0
0,0,0,0,0,1,0,0,0,0,1,1,0,0,0,1,1,0,1,0
0,0,0,0,0,0,0,0,0,0,1,0,0,0,0,1,1,0,1,0
0,0,0,0,0,1,0,1,0,0,1,0,0,0,0,1,1,0,0,0
0,0,0,0,0,0,0,0,0,0,1,0,0,0,0,1,1,0,1,0
0,0,0,0,1,1,1,0,1,0,1,1,0,0,0,1,1,0,1,0
0,0,0,0,0,1,0,1,0,0,1,0,0,0,0,1,1,0,1,0
0,0,0,0,0,1,0,0,0,0,1,1,0,0,0,1,1,0,0,0
0,1,0,0,0,1,1,1,0,0,1,1,0,0,0,1,1,0,1,0
0,0,0,0,0,0,0,0,0,0,1,1,0,0,0,1,1,0,1,0
0,0,0,0,1,1,0,1,0,0,1,1,0,0,0,1,1,0,1,0
0,0,1,0,1,1,0,1,0,0,1,0,0,0,0,1,1,0,1,0
0,0,0,0,0,0,0,1,0,0,1,1,0,0,0,1,1,0,1,0
0,0,0,0,0,0,0,0,0,0,1,0,0,0,0,1,1,0,1,0
0,0,0,0,0,0,1,1,0,0,1,0,0,0,0,1,1,0,0,0
0,0,0,0,0,0,0,0,0,0,1,1,0,0,0,1,1,0,1,0
0,0,0,0,0,0,1,1,0,0,1,0,0,0,0,1,1,0,1,0
0,0,0,0,0,0,0,0,0,0,0,0,0,0,0,0,0,0,0,0
0,0,0,0,0,0,0,0,0,0,1,1,0,0,0,1,1,0,1,0
0,1,1,0,1,1,1,1,0,1,1,1,0,0,0,1,1,0,1,0
0,0,0,0,0,1,0,0,0,0,1,1,0,0,0,1,1,0,1,0
0,0,1,0,0,0,0,0,0,0,1,0,0,0,0,1,1,0,0,0
0,1,0,0,1,1,0,0,0,0,1,1,0,0,0,1,1,0,1,0
0,0,0,0,0,0,0,0,0,0,1,0,0,0,0,1,1,0,0,0
0,1,1,0,1,1,1,1,1,0,1,1,0,0,0,1,1,0,1,0
0,1,0,0,0,1,0,0,0,0,1,0,0,1,1,1,1,1,1,0
0,0,0,0,1,1,0,1,0,0,1,0,0,0,0,1,1,0,1,0
0,0,0,0,0,0,0,1,0,0,1,1,0,0,0,1,1,1,1,0
0,0,0,0,0,0,0,0,0,0,1,0,0,0,0,1,1,0,1,0
1,1,1,1,1,1,1,0,1,0,1,1,1,1,0,1,1,0,1,0
0,0,0,0,0,0,0,0,0,0,1,0,0,0,0,1,1,0,1,0
1,1,1,0,1,1,1,0,0,1,1,1,0,1,0,1,1,0,1,0
0,0,0,0,0,0,0,0,0,0,1,1,0,0,0,1,1,0,1,0
0,0,0,0,0,0,0,0,0,0,1,0,0,0,0,1,1,0,1,0
0,0,0,0,0,0,0,0,0,0,1,0,0,0,0,1,1,0,1,0
0,0,0,0,0,1,0,0,0,0,1,1,0,0,0,1,1,0,1,0
0,0,0,0,1,0,1,1,0,0,1,1,0,0,1,1,1,0,1,0
0,0,0,0,1,1,0,0,0,0,1,0,0,0,0,1,1,0,1,0
0,0,0,0,0,0,0,0,0,0,1,1,0,0,0,1,1,1,1,0
0,0,0,0,1,1,0,1,0,0,1,1,0,0,0,1,1,0,1,0
0,1,0,0,0,1,1,0,0,0,1,1,0,1,1,1,1,0,1,0
0,0,0,0,0,0,0,1,0,0,1,1,0,0,0,1,1,0,1,0
0,1,1,0,1,1,0,1,1,1,1,1,0,1,0,1,1,1,1,0
0,0,0,0,0,1,0,0,0,0,1,0,0,1,0,1,1,0,1,0
0,0,0,0,0,0,0,0,0,0,1,0,0,0,0,1,1,0,1,0
0,0,0,0,1,1,0,0,0,0,1,1,0,0,0,1,1,0,1,0
0,0,0,0,0,0,0,0,0,0,1,1,0,0,0,0,1,0,0,0
0,0,0,0,0,0,0,0,0,0,1,1,0,0,0,1,1,0,0,0
0,0,0,0,0,0,0,0,0,0,1,0,0,0,0,1,1,0,1,0
0,1,0,0,0,0,0,1,0,0,1,1,0,0,0,1,1,0,1,0
0,0,0,0,0,0,0,0,0,0,1,0,0,0,0,1,1,0,1,0
0,1,1,0,1,1,1,0,1,0,1,0,1,1,0,1,1,1,1,0
0,1,0,0,0,0,0,0,0,0,1,1,0,0,0,1,1,0,1,0
0,1,1,0,1,1,0,1,1,1,1,1,0,1,0,1,1,1,1,0
0,0,0,0,0,0,0,0,0,0,1,1,0,0,0,1,1,0,0,0
0,0,0,0,0,0,0,1,0,0,1,0,0,0,0,1,1,0,1,0
0,1,1,0,1,1,1,1,0,1,1,1,0,1,0,1,1,1,1,0
0,0,0,0,0,0,0,0,0,0,1,1,0,1,0,1,0,0,1,0
0,0,0,0,0,0,0,0,0,0,1,1,0,0,0,1,1,0,1,0
0,0,0,0,1,0,0,1,0,0,1,1,0,0,0,1,1,0,1,0
0,0,0,0,0,0,0,0,0,0,0,0,0,0,0,0,0,0,0,0
0,0,0,0,0,0,0,0,0,0,1,1,0,0,0,1,1,0,1,0
0,1,1,0,1,1,0,1,0,0,1,0,0,0,0,1,1,1,1,0
0,0,0,0,0,0,0,0,0,0,1,1,0,0,0,1,1,1,1,0
0,0,1,0,0,0,0,0,0,0,1,1,0,0,0,1,1,0,1,0
0,0,0,0,0,0,0,1,0,0,1,0,0,0,0,1,1,0,1,0
0,0,0,0,0,0,0,0,0,0,1,0,0,0,0,1,1,0,1,0
0,0,0,0,0,0,1,0,0,0,1,1,0,0,0,1,1,0,1,0
0,0,0,0,0,1,0,0,0,0,1,0,0,0,0,1,1,1,1,0
0,0,0,0,0,1,1,0,0,0,1,0,0,0,0,1,1,0,1,0
0,0,0,0,0,1,0,0,0,0,1,1,0,1,0,1,1,0,1,0
0,0,0,0,0,1,0,0,1,0,1,1,0,0,0,1,1,0,1,0
0,0,0,0,0,0,0,1,0,0,1,1,0,0,0,1,1,0,1,0
0,0,0,0,0,0,0,0,0,0,1,1,0,0,0,1,1,0,1,0
0,0,0,0,0,0,0,0,0,0,1,0,0,0,0,1,1,0,1,0
0,0,0,0,0,0,0,0,0,0,1,1,0,0,0,1,1,0,1,0
0,0,0,0,0,0,0,0,0,0,1,0,0,0,0,1,1,1,1,0
0,1,1,0,1,1,1,1,0,1,1,1,0,0,0,1,1,0,1,0
0,0,0,0,1,0,0,1,0,0,1,1,0,0,0,1,1,0,1,0
0,0,0,0,0,1,1,0,0,0,1,0,0,0,0,1,1,0,0,0
0,0,0,0,0,0,0,0,0,0,1,0,0,0,0,1,1,0,1,0
0,0,0,0,0,0,0,0,0,0,1,0,0,0,0,1,1,0,1,0
0,0,0,0,0,0,0,0,0,0,1,0,0,0,0,1,1,0,1,0
0,0,0,0,0,0,1,1,0,0,1,1,0,0,0,1,1,0,1,0
0,0,0,0,0,0,0,0,0,0,1,1,0,0,0,1,1,0,1,0
0,0,0,0,1,1,0,1,0,0,1,1,0,1,0,1,1,0,1,0
0,0,0,0,0,0,0,0,0,0,1,0,0,0,0,1,1,0,1,0
0,0,0,1,1,1,1,1,0,0,1,1,0,0,0,1,1,0,1,0
0,0,0,0,0,1,0,1,0,0,1,1,0,0,0,1,1,0,1,0
0,0,0,0,1,1,1,0,0,0,1,0,0,0,0,1,1,0,1,0
0,0,0,0,0,0,0,1,0,0,1,1,0,0,0,1,1,1,1,0
0,0,0,0,1,0,0,1,0,0,1,1,0,0,0,1,1,0,1,0
0,0,0,0,1,1,1,1,0,0,1,0,0,1,0,1,1,0,1,0
0,0,1,0,0,0,0,0,0,0,1,0,0,0,0,1,1,0,1,0
0,0,0,0,0,0,1,1,0,0,1,1,0,0,0,1,1,0,1,0
0,0,0,0,0,0,0,0,0,0,1,1,0,0,0,1,1,0,1,0
0,0,0,0,0,0,0,0,0,0,1,0,0,0,0,1,1,0,1,0
0,0,0,0,0,0,0,0,0,0,1,0,0,0,0,1,0,0,0,0
0,1,1,0,1,1,1,1,0,1,1,1,0,1,0,1,1,0,1,0
0,0,0,0,0,1,1,0,0,0,1,0,0,0,0,1,1,0,0,0
0,0,0,0,0,0,0,0,0,0,1,0,0,0,0,1,1,0,1,0
0,0,0,0,0,0,0,0,0,0,1,0,0,0,0,1,1,0,0,0
0,1,1,0,1,1,1,1,1,1,1,1,0,1,1,1,1,0,1,0
0,0,0,0,0,1,1,1,0,0,1,1,0,0,0,1,1,0,1,0
0,0,0,0,0,0,0,0,0,0,1,0,0,0,0,1,1,0,0,0
0,0,0,0,0,0,0,0,0,0,1,0,0,0,0,1,1,0,1,0
0,0,0,0,0,0,0,0,0,0,1,0,0,0,0,1,1,0,1,0
1,1,0,0,1,0,0,1,0,0,1,1,0,0,1,1,1,0,1,0
0,0,0,0,0,0,0,0,0,0,1,0,0,0,0,0,0,1,0,0
0,0,0,0,0,0,0,0,0,0,1,0,0,0,0,1,1,0,1,0
0,0,0,0,0,0,0,1,0,0,1,1,0,0,0,1,1,0,1,0
0,0,0,0,0,0,0,0,0,0,1,0,0,0,0,1,1,0,1,0
0,0,0,0,1,0,0,1,0,0,1,1,0,0,0,1,1,0,1,0
0,0,0,0,0,1,0,0,0,0,1,0,0,0,0,1,1,1,1,0
0,1,0,0,0,1,1,1,0,1,1,1,0,1,0,1,1,0,1,0
0,0,0,0,0,0,0,0,0,0,1,0,0,0,0,1,1,0,1,0
0,0,0,0,0,0,0,0,0,0,1,0,0,0,0,1,1,0,1,0
0,0,0,0,0,0,0,1,0,0,1,0,0,0,0,1,1,1,0,0
0,0,0,1,0,1,0,0,0,0,1,0,1,0,0,0,1,0,1,0
0,1,1,0,1,1,0,0,0,0,0,0,0,0,0,0,0,0,0,0
0,0,0,0,0,0,0,0,0,0,0,0,0,0,0,0,0,0,0,0
0,0,0,0,0,0,0,0,0,0,1,0,0,0,0,1,1,0,1,0
0,0,0,0,0,0,0,0,0,0,1,1,0,0,0,1,1,1,1,0
0,1,0,0,1,1,0,1,0,0,1,0,0,0,0,1,1,0,1,0
0,0,0,0,0,1,0,1,0,0,1,1,0,1,1,1,1,0,1,0
0,0,0,0,0,0,0,0,0,0,1,0,0,0,0,1,1,0,1,0
0,0,0,0,0,0,0,0,0,0,1,0,0,0,0,1,1,0,1,0
0,0,0,0,0,1,1,0,0,0,1,0,0,0,0,1,1,0,1,0
0,0,0,0,0,0,0,0,0,0,0,0,0,0,0,0,0,0,0,0
0,1,1,0,1,1,0,1,0,0,1,0,0,0,0,1,1,0,1,0
0,1,1,0,1,1,1,1,0,1,1,1,0,0,0,1,1,1,1,0
0,0,0,0,1,1,0,0,0,0,1,0,0,0,0,1,1,0,1,0
0,1,1,0,1,1,1,0,1,0,1,1,0,1,0,1,1,0,1,0
0,0,0,0,0,0,0,1,0,0,1,1,0,0,0,1,1,0,1,0
0,0,0,0,0,0,0,0,0,0,1,1,0,0,0,1,1,0,1,0
0,0,0,0,1,0,1,1,0,0,1,0,0,0,0,1,1,0,1,0
0,1,0,0,0,1,1,0,0,1,1,1,0,1,0,1,1,0,1,0
0,0,0,0,0,1,0,0,0,0,1,1,0,0,0,1,1,0,1,0
0,1,0,0,1,1,1,1,0,0,1,1,0,0,0,1,1,0,1,0
0,1,0,0,0,1,1,1,0,1,1,1,0,1,0,1,1,0,1,0
0,0,0,0,1,1,0,0,0,0,1,1,0,0,0,1,1,0,0,0
0,0,0,0,0,0,1,1,0,0,1,1,0,0,0,1,1,0,1,0
0,0,0,0,0,0,0,1,0,0,1,0,0,0,0,1,1,0,0,0
0,0,0,0,0,0,1,0,0,0,1,1,0,0,0,1,1,0,1,0
0,1,0,0,1,1,1,1,0,0,1,1,0,0,0,1,1,0,1,0
0,0,0,0,0,0,0,1,0,0,1,1,0,0,0,1,1,0,1,0
0,0,0,0,0,0,0,1,0,0,1,1,0,0,0,1,1,0,1,0
0,0,0,0,0,0,0,0,0,0,1,1,0,0,0,1,1,0,1,0
0,0,0,0,0,0,1,1,0,0,1,1,0,1,0,1,1,0,1,0
0,0,0,0,0,0,0,0,0,0,1,0,0,0,0,1,1,0,0,0
0,1,0,0,1,1,0,0,0,0,1,1,0,0,0,1,1,0,1,0
0,0,0,0,0,0,0,0,0,0,1,1,0,0,0,1,1,0,1,0
0,0,0,0,1,0,0,1,0,0,1,1,0,0,0,1,1,0,1,0
0,0,0,1,1,1,1,1,0,0,1,1,0,1,1,1,1,0,1,0
0,1,0,0,0,1,0,1,0,0,1,0,1,1,1,1,1,1,1,0
0,0,1,0,0,0,0,0,0,0,1,0,0,0,0,1,1,0,1,0
0,0,0,0,0,0,0,0,0,0,1,0,0,0,0,1,1,0,1,0
0,0,0,0,0,0,0,1,0,0,1,0,0,0,0,1,1,0,1,0
0,0,0,1,0,1,1,1,1,0,1,1,0,0,1,1,1,0,1,0
0,1,0,1,1,1,0,1,1,0,1,1,0,0,1,1,1,0,1,0
0,0,0,0,0,0,0,0,0,0,1,0,0,0,0,1,1,0,1,0
0,1,1,0,0,1,0,0,0,1,1,0,0,0,0,1,1,0,1,0
0,0,0,0,0,0,0,1,0,0,1,0,0,0,0,1,1,0,1,0
0,0,0,0,0,1,0,1,0,0,1,1,0,0,1,1,1,0,0,0
0,1,1,0,1,1,0,0,0,0,1,0,0,1,0,1,1,0,1,0
0,0,0,0,0,1,0,1,0,0,1,0,0,0,0,1,1,0,1,0
0,1,1,0,1,1,0,1,0,0,1,1,0,1,1,1,1,0,1,0
0,0,1,0,1,1,0,1,0,1,1,1,0,1,0,1,1,0,1,0
0,0,0,0,0,1,0,0,0,0,1,1,0,0,1,1,1,0,1,0
0,0,0,0,0,0,0,0,0,0,1,0,0,0,0,1,1,0,1,0
0,0,1,0,1,1,0,0,0,0,1,0,0,0,0,1,1,0,1,0
0,0,0,0,0,0,0,0,0,0,1,0,0,0,0,1,1,0,1,0
0,0,0,0,0,0,0,1,0,0,1,0,0,0,0,1,1,0,1,0
0,0,0,0,1,1,0,0,0,0,1,0,0,0,0,1,1,0,1,0
0,0,0,0,0,0,0,1,0,0,1,1,0,0,0,1,1,0,1,0
0,0,0,0,0,0,0,0,0,0,1,0,0,0,0,1,1,0,1,0
0,0,0,0,0,0,0,0,0,0,1,0,0,0,0,1,1,0,1,0
0,0,0,0,0,1,0,1,0,0,1,1,0,0,1,1,1,0,1,0
0,0,0,0,0,0,0,0,0,0,1,1,0,0,0,1,1,0,1,0
0,0,0,0,0,0,0,0,0,0,1,0,0,0,0,0,0,0,0,0
0,1,1,0,1,1,0,0,1,0,1,0,0,0,0,1,1,0,1,0
0,0,0,0,1,0,0,0,0,0,1,1,0,0,0,1,1,0,1,0
0,0,0,0,0,0,0,0,0,0,1,0,0,0,0,0,0,0,0,0
0,1,0,0,0,1,0,0,0,0,1,0,0,0,0,1,1,0,1,0
0,0,0,0,0,0,0,0,0,0,1,0,0,0,0,0,1,0,0,0
0,0,0,0,0,0,0,0,0,0,1,0,0,0,0,1,1,0,0,0
0,1,1,0,1,1,1,1,1,0,1,1,0,0,0,1,1,0,1,0
0,0,0,0,0,0,0,1,0,0,1,1,0,0,0,1,1,0,1,0
0,1,1,0,0,0,0,1,1,1,1,1,0,0,0,1,1,1,1,0
0,0,0,0,0,0,0,0,0,0,1,1,0,0,0,1,1,0,1,0
0,1,0,0,1,0,0,1,0,0,1,0,0,0,0,1,1,0,1,0
0,0,0,0,0,0,0,0,0,0,1,0,0,0,0,1,1,0,1,0
0,0,0,0,0,1,1,1,0,0,1,1,0,0,0,1,1,0,1,0
0,0,0,0,0,0,0,0,0,0,1,0,0,0,0,1,1,0,1,0
0,1,1,0,1,1,1,1,0,0,1,0,0,0,0,1,0,0,0,0
1,1,1,0,1,0,0,0,0,0,1,1,0,0,0,1,1,0,1,0
0,0,0,0,0,0,0,0,0,0,1,0,0,0,0,1,1,0,1,0
0,0,0,1,0,0,1,0,0,0,1,1,1,0,0,1,1,0,0,0
0,0,0,0,0,0,0,0,0,0,1,1,0,0,0,1,1,0,1,0
0,0,0,0,1,1,1,1,0,0,1,1,0,0,0,1,1,0,1,0
0,1,0,0,0,1,0,1,0,0,1,1,0,0,0,1,1,0,1,0
0,0,0,0,1,1,0,0,0,0,1,1,0,0,1,1,1,0,1,0
0,0,0,0,0,0,0,0,0,0,1,0,0,0,0,1,1,0,1,0
0,0,0,0,0,0,0,0,0,0,1,0,0,0,0,1,1,0,0,0
0,1,0,0,1,1,0,0,0,0,1,1,0,0,1,1,1,0,1,0
0,1,0,0,0,1,0,1,0,0,1,0,1,0,1,1,1,0,1,0
0,0,0,0,1,1,0,0,0,0,1,0,0,0,0,1,1,0,1,0
0,0,0,0,1,1,0,0,0,0,1,1,0,0,0,1,1,0,0,0
0,0,0,0,1,0,0,1,0,0,1,1,0,0,0,1,1,0,1,0
0,0,0,0,1,1,0,0,0,0,1,0,0,0,0,1,1,0,1,0
0,0,0,0,0,1,0,0,0,0,1,1,0,0,0,1,1,0,1,0
0,1,0,0,1,1,0,1,0,0,1,1,0,1,0,1,1,0,1,0
0,0,0,0,0,0,0,0,0,0,1,0,0,0,0,0,0,0,0,0
0,0,0,0,0,1,1,1,0,0,1,1,0,0,0,1,1,0,1,0
0,0,0,0,1,0,0,0,0,0,1,1,0,0,0,1,1,0,1,0
0,0,0,0,0,0,0,0,0,0,1,1,0,0,0,0,0,0,0,0
0,0,0,0,0,0,0,1,0,0,1,1,0,0,0,1,1,0,1,0
0,0,0,0,1,1,1,0,0,0,1,1,0,1,0,1,1,0,1,0
0,0,0,0,0,0,0,0,0,0,1,1,0,0,0,1,1,0,1,0
0,0,0,0,0,0,0,0,0,0,1,0,0,0,0,1,1,0,1,0
0,0,0,1,0,0,1,1,0,0,1,0,0,0,0,1,1,0,1,0
0,0,0,0,0,0,0,0,0,0,1,0,0,0,0,1,1,0,1,0
0,0,0,0,0,1,0,0,0,0,1,1,0,0,0,1,1,0,1,0
0,0,1,0,1,1,1,1,0,0,1,1,0,0,0,1,1,0,0,0
0,0,0,0,0,0,1,0,0,0,1,1,0,0,0,1,1,0,0,0
0,0,0,0,0,0,0,0,0,0,1,1,0,0,0,1,1,0,1,0
0,0,0,0,0,0,0,0,0,0,1,0,0,0,0,1,1,0,0,0
0,0,0,0,0,0,0,0,0,0,1,0,0,0,0,1,1,0,1,0
0,0,0,0,1,1,0,0,0,0,1,1,0,0,0,1,1,0,1,0
0,0,0,0,0,0,0,0,0,0,1,0,0,0,0,1,1,0,1,0
0,1,0,1,1,1,1,0,1,0,1,0,1,0,0,1,1,0,1,0
0,0,0,0,1,1,1,1,0,0,1,1,0,0,0,1,1,1,1,0
0,0,0,0,0,0,0,0,0,0,1,1,0,0,0,1,1,0,1,0
0,0,0,0,0,1,0,0,0,0,1,0,0,0,0,1,1,0,0,0
0,0,0,0,0,1,0,0,0,0,1,0,0,0,0,1,1,0,1,0
0,0,0,0,0,1,0,0,1,0,1,1,0,0,1,1,1,0,1,0
0,0,0,0,1,0,0,1,0,0,1,1,0,0,0,1,1,0,1,0
0,0,0,0,0,0,1,0,0,0,1,0,0,0,0,1,1,0,0,0
0,1,1,0,1,1,1,1,0,0,1,0,0,0,0,1,1,0,1,0
0,0,0,0,1,1,0,0,0,0,1,0,0,0,0,1,1,0,1,0
0,0,0,0,1,0,0,0,0,0,1,1,0,0,0,1,1,0,1,0
0,0,0,0,0,0,0,0,0,0,1,0,0,0,0,1,1,0,1,0
0,0,0,0,0,0,0,0,0,0,1,0,0,0,0,1,1,0,1,0
0,1,1,1,1,1,0,1,1,0,1,1,1,1,1,1,1,0,1,0
0,0,0,0,1,0,1,0,0,0,1,1,0,0,0,1,1,0,1,0
0,0,0,0,1,1,0,1,1,0,1,0,0,0,1,1,1,0,1,0
0,0,0,0,1,1,1,0,0,1,1,1,0,0,0,1,1,1,1,0
0,0,0,0,0,0,0,0,0,0,1,0,0,0,0,1,1,0,1,0
0,1,0,0,0,0,0,1,0,0,1,1,0,0,0,1,1,0,1,0
0,0,0,0,0,1,0,0,0,0,1,1,0,0,0,1,1,1,1,0
0,0,0,0,0,0,0,0,0,0,1,0,0,0,0,1,1,0,1,0
0,0,0,0,1,1,0,1,0,0,1,1,0,0,0,1,1,0,1,0
0,1,0,0,1,0,0,0,0,0,1,1,0,0,0,1,1,1,1,0
0,0,0,0,0,0,0,0,0,0,1,0,0,0,0,1,1,0,0,0
0,0,0,0,1,0,0,1,0,0,1,1,0,0,0,1,1,0,1,0
0,1,0,0,1,1,0,0,1,0,1,0,0,0,0,1,1,0,1,0
0,0,0,0,0,0,0,0,0,0,1,0,0,0,0,0,1,0,0,0
0,1,1,0,1,1,1,1,0,1,1,1,0,1,1,1,1,0,1,0
0,0,0,0,0,0,0,0,0,0,1,0,0,0,0,1,1,0,1,0
0,0,0,0,0,0,0,0,0,0,1,1,0,0,0,1,1,0,1,0
0,0,0,0,1,1,1,0,0,0,1,0,0,0,0,1,1,0,1,0
0,0,0,0,0,0,0,0,0,0,1,1,0,0,0,1,1,0,1,0
0,0,0,0,0,0,0,1,0,0,1,0,0,0,0,1,1,0,1,0
0,0,0,0,0,0,0,0,0,0,1,1,0,0,0,1,1,0,1,0
0,1,0,0,0,1,0,1,0,0,1,0,0,0,0,1,1,0,1,0
0,0,0,0,0,0,1,0,0,0,1,0,0,1,1,1,1,0,1,0
0,0,0,0,1,1,0,0,0,0,1,1,0,0,0,1,1,0,1,0
0,0,0,0,1,1,0,0,1,0,1,0,0,0,0,1,1,0,1,0
0,0,0,0,0,0,0,0,0,0,1,0,0,0,0,1,1,0,1,0
0,0,0,0,0,0,0,0,0,0,1,1,0,0,0,1,1,0,1,0
0,0,0,0,1,1,0,1,0,0,1,1,0,0,0,1,1,0,1,0
0,0,0,0,0,1,0,1,0,0,1,1,0,0,0,1,1,0,1,0
0,0,0,0,1,1,0,1,0,0,1,1,0,0,0,1,1,0,1,0
0,1,1,0,1,1,1,0,1,1,1,1,0,1,1,1,1,0,1,0
0,0,0,0,0,0,0,0,0,0,1,0,0,0,0,1,1,0,1,0
0,0,1,0,1,1,0,0,0,0,1,0,0,0,0,0,0,0,0,0
0,0,0,0,0,0,0,0,0,0,1,0,0,0,0,1,0,0,0,0
0,0,0,0,0,0,0,0,0,0,1,1,0,0,0,1,1,0,1,0
0,0,0,0,0,1,0,1,0,0,1,0,0,1,0,1,0,0,1,0
0,0,0,0,0,0,0,0,0,0,1,1,0,0,0,1,1,0,1,0
1,1,0,0,1,1,0,1,0,0,1,0,0,0,0,1,1,0,1,0
0,0,0,0,0,1,0,0,0,0,1,1,0,0,0,1,1,0,1,0
0,0,0,0,0,1,0,1,0,0,1,0,0,0,0,1,1,0,1,0
0,0,0,0,0,1,1,0,0,0,1,1,0,0,0,1,1,0,1,0
0,1,1,0,1,1,0,0,0,0,1,1,0,0,0,1,1,0,1,0
0,0,0,0,0,0,0,0,0,0,1,1,0,0,0,1,1,0,1,0
0,0,1,0,0,1,1,1,1,0,1,1,0,0,0,1,1,1,1,0
0,0,0,0,0,1,0,0,0,0,1,0,0,1,1,1,1,0,0,0
0,0,0,0,1,0,0,0,0,0,1,0,0,0,0,0,1,1,0,0
0,0,0,0,0,0,0,1,0,0,1,0,0,0,0,1,1,0,1,0
0,0,0,0,0,0,0,0,0,0,1,1,0,0,0,1,1,0,0,0
0,0,0,0,0,0,0,0,0,0,1,0,0,0,0,1,1,0,1,0
1,0,1,0,0,0,1,0,0,0,1,1,0,0,0,1,1,0,1,0
0,1,1,0,1,1,0,0,1,0,1,0,0,0,0,1,1,0,1,0
0,1,1,0,1,1,0,0,0,1,1,0,0,0,0,1,1,0,1,0
0,0,0,0,1,0,0,0,0,0,1,0,0,0,0,1,1,0,1,0
0,0,1,0,0,0,1,0,0,0,1,0,0,0,0,1,1,0,1,0
0,1,0,0,0,0,0,0,0,0,1,0,0,0,0,1,1,0,1,0
0,0,0,0,0,0,0,0,0,1,1,1,0,0,0,1,1,1,1,0
0,1,0,0,1,1,1,1,0,0,1,0,0,0,0,1,1,0,1,0
0,1,1,1,1,1,1,0,1,0,1,1,0,1,1,1,1,1,1,0
0,1,0,0,1,1,1,1,0,0,1,1,0,0,0,1,1,0,1,0
0,0,1,0,0,0,0,1,0,1,1,0,0,0,0,1,1,0,1,0
0,0,0,0,0,0,1,0,0,0,1,0,0,0,0,1,1,0,0,0
0,0,0,0,0,0,0,0,0,0,1,0,0,0,0,1,1,0,1,0
0,1,0,0,1,1,1,1,0,0,1,0,0,0,0,1,1,0,1,0
0,0,0,0,0,0,0,0,0,0,1,0,0,0,0,1,1,0,0,0
0,1,0,0,1,1,0,1,0,0,1,0,0,0,0,1,1,1,1,0
0,0,0,0,0,0,0,1,0,0,1,1,0,0,0,1,1,0,1,0
0,0,0,0,1,0,0,0,0,0,1,1,0,0,1,1,1,1,1,0
0,0,0,0,1,0,0,1,0,0,1,1,0,0,0,1,1,0,1,0
0,0,0,0,0,1,1,0,0,0,1,1,0,1,0,1,1,0,0,0
0,0,0,0,0,0,0,0,0,0,1,1,0,0,0,1,1,0,1,0
0,0,0,0,0,0,0,1,0,0,1,0,0,0,0,0,0,0,0,0
0,0,0,0,1,1,1,1,0,0,1,1,0,0,1,1,1,0,1,0
0,0,0,0,0,0,1,0,0,0,1,0,0,0,0,1,1,0,1,0
0,0,0,0,0,0,0,0,0,0,1,0,0,0,0,1,1,0,0,0
0,0,0,0,0,0,0,0,0,0,1,1,0,0,0,1,1,0,1,0
0,0,0,0,0,0,0,0,0,0,1,1,0,0,0,1,1,0,0,0
0,0,1,0,1,1,0,1,0,0,1,0,0,0,0,1,1,1,1,0
0,0,0,0,0,1,1,1,0,0,1,1,0,0,0,1,1,0,1,0
0,0,0,0,0,0,0,0,0,0,1,0,0,0,0,1,1,0,1,0
0,0,0,0,0,0,1,1,0,0,1,0,0,0,0,1,1,0,1,0
0,0,0,0,0,1,0,0,0,0,1,0,0,0,0,1,1,0,1,0
0,0,0,0,0,0,1,0,0,0,1,0,0,0,0,1,1,0,1,0
0,0,0,0,0,0,0,0,0,0,1,0,0,0,0,1,1,0,1,0
0,0,0,0,0,0,0,0,0,0,1,0,0,0,0,0,0,0,0,0
0,1,1,0,0,1,0,1,0,0,1,0,0,1,0,1,1,0,1,0
0,0,0,1,0,1,0,1,0,0,1,1,0,0,0,1,1,1,1,0
0,0,0,0,0,1,1,0,0,0,1,1,0,0,0,1,1,0,1,0
0,0,0,0,1,0,0,1,0,0,1,1,0,0,0,1,1,0,1,0
0,0,0,0,0,0,0,0,0,0,1,0,0,0,0,1,1,0,1,0
0,0,0,0,0,1,1,0,1,0,1,1,0,0,1,1,1,0,1,0
0,1,0,0,0,1,0,0,0,0,1,0,0,0,0,1,1,0,1,0
0,0,0,0,0,0,0,0,0,0,1,0,0,0,0,1,1,0,0,0
0,0,0,0,0,0,0,0,0,0,1,0,0,0,0,1,1,0,0,0
0,0,0,0,0,1,1,1,0,1,1,1,0,1,0,1,1,1,1,0
0,0,0,0,0,0,0,0,0,0,1,0,0,0,0,1,1,0,1,0
0,0,0,0,0,0,0,0,0,0,1,0,0,0,0,1,1,0,1,0
0,0,0,0,1,1,0,1,0,0,1,1,0,0,0,1,1,0,1,0
0,0,1,0,1,1,0,1,0,0,1,0,0,0,0,1,1,0,1,0
0,1,0,0,1,1,1,0,0,0,1,1,0,0,0,1,1,0,1,0
0,0,0,0,0,0,0,0,0,0,1,0,0,0,0,1,1,0,1,0
1,1,1,0,0,1,0,1,0,1,1,1,0,0,0,1,1,0,1,0
0,0,0,0,0,0,0,0,0,0,1,0,0,0,0,1,1,0,1,0
0,1,1,0,1,1,1,1,0,0,1,0,0,0,0,1,1,0,1,0
0,1,0,0,0,1,1,1,0,1,0,0,0,0,0,1,0,0,0,0
0,0,0,0,0,0,0,1,0,0,1,1,0,0,0,1,1,0,1,0
0,0,0,0,0,0,0,0,0,0,1,1,0,0,0,0,0,0,0,0
0,0,0,0,1,1,0,0,0,0,1,0,0,0,0,1,1,0,1,0
0,1,0,0,1,0,0,0,0,0,1,1,0,0,0,1,1,0,1,0
0,0,0,0,1,0,0,0,0,0,1,1,0,0,0,1,1,0,0,0
0,0,0,0,1,1,0,1,0,0,1,0,0,0,0,1,1,0,1,0
0,0,0,0,0,0,0,1,0,0,1,0,0,0,0,1,1,0,1,0
0,0,0,0,0,1,0,0,0,0,1,0,0,0,0,1,1,0,1,0
0,0,0,0,0,0,0,0,0,0,1,1,0,0,0,1,1,0,0,0
0,0,0,0,0,0,0,0,0,0,1,0,0,0,0,1,1,0,1,0
0,0,0,0,1,0,0,1,0,0,1,1,0,0,0,1,1,0,1,0
0,1,1,0,1,1,1,1,1,0,1,1,1,1,0,1,1,1,1,0
0,0,0,0,0,0,1,0,0,0,1,0,0,0,0,1,1,0,1,0
0,0,0,0,0,1,0,1,0,0,1,1,0,0,0,1,1,0,1,0
0,0,0,0,0,0,0,0,0,0,1,0,0,0,0,1,1,0,1,0
0,0,1,0,0,1,0,0,0,0,1,0,0,1,0,0,1,0,0,0
0,0,0,0,0,0,1,1,0,0,1,0,0,0,0,1,1,0,1,0
0,0,0,0,0,0,0,0,0,0,1,0,0,0,0,1,1,0,1,0
0,0,0,0,1,0,0,0,0,0,1,0,0,0,0,1,1,0,0,0
0,0,0,0,0,0,0,1,0,0,1,0,0,0,0,1,1,0,1,0
0,0,0,0,0,0,0,1,0,0,1,0,0,0,0,1,1,0,0,0
0,1,0,1,1,1,0,1,1,0,1,1,1,0,0,1,1,0,1,0
1,1,0,0,1,1,0,1,0,0,1,0,0,0,0,1,1,0,1,0
0,0,0,0,0,0,0,0,0,0,1,0,0,0,0,1,1,0,1,0
0,1,0,0,0,0,0,0,0,0,1,0,0,0,0,1,1,1,0,0
0,0,0,0,1,0,0,0,0,0,1,1,0,0,0,1,1,1,1,0
0,0,0,0,0,0,0,0,0,0,1,0,0,0,0,1,1,0,1,0
0,1,0,0,0,0,0,1,0,0,1,0,0,1,0,1,1,0,1,0
0,0,0,0,0,0,0,0,0,0,1,0,0,0,0,1,1,0,1,0
0,0,0,0,0,0,0,0,0,0,1,1,0,0,0,1,1,0,1,0
0,0,0,0,0,1,0,0,0,0,1,0,0,1,0,1,1,0,0,0
0,1,1,1,0,1,1,1,1,1,1,1,0,1,1,1,1,1,1,0
0,0,0,0,0,0,1,0,0,0,1,1,0,0,0,1,1,0,1,0
0,0,0,0,1,1,0,0,0,0,1,0,0,0,0,1,1,0,1,0
0,0,0,0,1,0,0,1,0,0,1,1,0,0,0,1,1,0,1,0
0,0,0,1,0,0,0,0,1,0,1,0,0,0,1,1,1,0,1,0
1,0,0,0,1,0,1,0,0,0,1,0,0,0,0,1,1,0,0,0
0,0,0,0,0,0,0,0,0,0,1,0,0,0,0,1,1,0,0,0
0,0,0,0,0,0,0,0,0,0,1,0,0,0,0,1,1,0,1,0
0,0,0,0,0,0,0,1,0,0,1,0,0,0,0,1,1,0,1,0
0,0,0,0,0,0,1,0,0,0,1,0,0,0,0,1,1,0,1,0
0,0,0,0,0,0,0,0,0,0,1,0,0,0,0,1,1,0,1,0
0,0,0,1,0,1,0,0,0,0,1,0,1,0,0,1,1,0,1,0
0,1,1,0,1,1,1,1,1,0,1,1,0,0,0,1,1,0,1,0
0,0,0,0,1,1,0,1,0,0,1,1,0,0,0,1,1,1,1,0
0,0,0,0,0,0,0,1,0,0,1,0,0,0,0,1,1,0,1,0
0,0,0,0,1,0,0,1,0,0,1,0,0,0,0,1,1,0,1,0
0,0,0,0,0,0,0,1,0,0,1,0,0,0,0,1,1,0,1,0
0,0,0,0,0,0,0,0,0,0,1,1,1,0,0,1,1,0,1,0
0,0,1,0,0,0,0,1,0,0,1,0,0,0,0,1,1,0,1,0
0,1,1,0,0,1,1,1,1,0,1,1,0,1,0,1,1,0,1,0
0,0,0,0,0,1,1,1,0,0,1,1,0,1,1,1,1,0,1,0
0,1,0,0,0,1,0,0,0,0,1,0,0,0,0,1,1,1,1,0
0,0,0,0,0,0,0,0,0,0,1,0,0,0,0,1,1,0,1,0
0,0,1,0,0,1,0,0,0,0,1,0,0,0,0,1,1,0,1,0
0,0,0,0,0,0,0,0,0,0,1,0,0,0,0,1,1,0,1,0
0,0,0,0,0,0,0,0,0,0,1,0,0,0,0,1,1,0,1,0
0,0,0,0,0,0,0,0,0,0,1,1,0,0,0,1,1,0,1,0
0,0,0,0,0,0,0,1,0,0,1,1,0,0,0,1,1,0,1,0
1,1,0,0,1,1,1,0,0,0,1,1,0,0,0,1,1,0,1,0
0,0,0,0,1,0,0,1,0,0,1,0,0,0,0,1,1,0,1,0
0,0,0,0,1,0,0,0,0,0,1,0,0,0,0,1,1,0,1,0
0,0,0,0,1,1,0,1,0,0,1,1,0,0,0,0,1,0,1,0
0,0,0,0,0,0,0,0,0,0,1,0,0,0,0,1,1,0,1,0
0,0,0,0,0,0,1,1,0,0,1,1,0,0,0,1,1,0,1,0
0,0,0,0,0,1,0,0,0,0,1,0,1,1,1,1,1,0,1,0
0,0,0,0,0,0,1,1,0,1,1,1,0,0,0,1,1,0,0,0
0,0,0,0,1,0,0,0,0,0,1,1,0,0,0,1,1,0,1,0
0,0,0,0,0,1,0,0,0,0,1,1,0,0,0,1,1,0,1,0
0,0,0,0,1,1,1,0,0,0,1,0,0,0,0,1,1,0,1,0
0,0,0,0,0,0,0,0,0,0,1,0,0,0,0,1,1,0,0,0
0,0,0,0,1,1,1,0,0,0,1,0,0,0,0,1,1,0,1,0
0,0,0,0,0,0,0,0,0,0,1,0,0,0,0,1,1,0,1,0
0,0,0,0,0,0,0,0,0,0,1,1,0,0,0,1,1,0,1,0
0,0,0,0,1,0,0,0,0,0,1,0,0,0,0,1,1,0,1,0
0,0,0,0,0,0,0,0,0,0,1,1,0,0,0,1,1,0,1,0
0,0,0,0,0,0,0,0,0,0,1,1,0,0,0,1,1,0,1,0
0,1,0,0,0,0,0,0,0,0,1,1,0,0,0,1,1,0,1,0
0,0,0,0,0,0,0,0,0,0,1,1,0,0,0,1,1,0,1,0
0,0,0,0,0,0,0,0,0,0,1,0,0,0,0,0,0,0,0,0
0,0,0,0,0,0,0,0,0,0,1,1,0,0,0,1,1,0,0,0
0,0,0,0,0,1,0,0,0,0,1,0,0,0,0,1,1,0,1,0
1,1,1,1,1,1,1,0,1,0,1,1,1,1,1,1,1,0,1,0
0,0,0,0,0,0,0,0,0,0,1,0,0,0,0,1,1,0,1,0
0,0,0,0,1,0,0,1,0,0,1,1,0,0,0,1,1,0,1,0
0,0,0,0,0,0,0,1,0,0,1,1,0,0,0,1,1,0,1,0
0,0,0,0,0,1,1,1,0,0,1,1,0,0,0,1,1,0,1,0
0,0,0,0,0,1,0,0,0,0,1,0,0,0,0,1,1,0,1,0
0,0,0,0,0,0,1,0,0,0,1,0,1,1,1,0,0,0,0,0
0,0,0,0,0,1,0,0,0,0,1,1,0,0,0,1,1,1,1,0
0,0,0,0,0,1,0,0,0,0,1,0,0,0,0,1,1,0,1,0
0,0,0,0,0,0,0,0,0,0,1,0,0,0,0,1,1,0,0,0
0,0,0,0,0,0,0,0,0,0,1,1,0,0,0,1,1,0,1,0
0,1,0,1,1,1,1,1,1,0,1,1,0,1,1,1,1,1,1,0
0,0,0,0,1,0,1,0,0,0,1,1,0,0,0,1,1,0,1,0
0,0,0,0,0,0,0,0,0,0,1,0,0,0,0,1,1,0,0,0
0,0,0,0,0,0,0,0,0,0,1,0,0,0,0,1,1,0,1,0
0,1,0,0,1,1,0,1,0,0,1,0,0,0,0,1,1,0,1,0
0,0,1,0,0,0,0,1,0,0,1,1,0,0,0,1,1,1,1,0
0,1,0,0,1,1,0,1,0,0,1,1,0,1,0,1,1,0,1,0
0,0,0,0,0,0,0,0,0,0,1,0,0,0,0,1,1,0,1,0
0,1,1,0,0,0,1,1,0,0,1,0,0,0,0,1,1,0,0,0
0,0,0,0,0,0,0,0,0,0,1,0,0,0,0,0,0,0,0,0
0,0,0,0,0,0,0,0,0,0,1,0,0,0,0,1,1,0,1,0
0,0,0,0,0,0,0,0,0,0,1,0,0,0,0,1,1,0,1,0
0,0,0,0,0,1,1,0,0,0,1,0,0,0,0,1,1,0,1,0
0,0,1,0,0,1,0,0,0,0,1,0,0,1,0,1,1,0,1,0
0,0,0,1,1,1,1,0,1,0,1,1,0,1,1,1,1,0,1,0
0,1,0,0,0,0,0,0,0,0,1,0,0,0,0,1,1,0,0,0
0,0,0,0,0,0,0,0,0,0,1,0,0,0,0,1,1,0,1,0
0,0,0,0,0,0,0,1,0,0,1,0,0,0,0,1,1,0,1,0
0,0,0,0,0,0,0,1,0,0,1,0,0,0,0,1,1,0,1,0
0,1,0,0,1,1,0,1,0,0,1,1,0,0,0,1,1,0,1,0
0,0,0,0,0,0,0,0,0,0,1,0,0,0,0,1,1,0,1,0
0,0,0,0,0,0,0,0,0,0,1,0,0,0,0,1,1,0,0,0
0,0,0,0,1,0,0,0,0,0,1,0,0,0,0,1,1,0,1,0
0,0,0,0,1,1,0,1,0,0,1,1,0,0,0,1,1,0,1,0
0,0,1,0,0,1,0,0,0,0,1,0,0,0,0,1,1,1,1,0
0,0,1,0,1,0,0,0,0,0,1,1,0,1,1,1,1,0,1,0
0,0,0,0,0,1,0,1,0,0,1,0,0,0,0,0,0,0,0,0
0,0,0,0,1,1,0,0,0,0,1,0,0,0,0,1,1,0,0,0
0,0,0,0,0,1,0,1,1,0,1,1,0,0,0,1,1,0,1,0
0,0,0,0,0,1,0,0,0,0,1,0,0,0,0,1,1,0,1,0
0,0,0,0,0,0,0,0,0,0,1,0,0,0,0,1,1,0,1,0
0,0,0,0,0,0,0,0,0,0,1,0,0,0,0,1,1,0,1,0
0,0,0,0,0,0,1,1,0,0,1,1,0,0,0,1,1,0,1,0
0,0,0,0,0,0,0,0,0,0,1,0,0,0,0,1,1,1,1,0
0,0,0,0,0,0,0,0,0,0,1,1,0,0,0,1,1,0,1,0
0,0,0,0,0,1,0,0,1,0,1,1,0,0,0,0,0,0,1,0
0,0,0,0,0,1,0,1,0,0,1,1,0,0,0,1,1,0,1,0
0,0,0,0,0,0,0,0,0,0,1,0,0,0,0,1,1,0,1,0
0,0,0,0,0,0,0,0,0,0,1,0,0,0,0,0,0,0,0,0
0,0,0,0,0,1,0,0,0,0,0,0,0,0,0,1,0,0,0,0
0,0,0,0,1,1,1,0,0,0,1,1,0,1,1,1,1,1,1,0
0,1,1,0,1,1,0,1,0,0,1,1,0,1,0,1,1,0,1,0
0,0,0,0,0,0,0,0,0,0,1,0,0,0,0,1,1,0,1,0
0,0,0,0,1,0,0,0,0,0,1,0,0,0,0,1,1,0,1,0
0,0,0,0,0,0,0,1,0,0,1,1,0,0,0,1,1,0,0,0
0,0,1,0,0,0,1,1,0,0,0,0,0,0,0,1,0,0,0,0
0,0,0,1,0,0,1,0,0,0,1,1,1,0,0,1,1,0,1,0
0,0,0,0,0,1,0,0,0,0,1,1,0,0,0,1,1,0,1,0
0,0,0,0,0,1,0,0,0,0,1,1,0,0,0,1,1,0,1,0
0,0,0,0,1,0,0,1,0,0,1,1,0,0,0,1,1,0,1,0
0,0,0,0,0,0,1,0,0,0,1,1,0,0,0,1,1,0,1,0
0,0,0,0,0,1,1,0,0,0,1,0,0,0,0,1,1,0,0,0
0,0,0,0,0,0,0,0,0,0,1,0,0,0,0,1,1,0,1,0
0,0,0,0,0,0,0,0,0,0,1,0,0,0,0,1,1,0,1,0
0,0,0,0,0,0,0,0,0,0,1,0,0,0,0,1,1,0,1,0
0,0,0,0,1,0,0,0,0,0,1,0,0,0,0,1,1,0,1,0
0,0,0,0,0,0,0,0,0,0,1,1,0,0,0,1,1,0,1,0
0,1,0,0,1,1,0,0,0,0,1,1,0,0,0,1,1,1,1,0
0,0,0,1,1,0,0,0,1,0,1,1,1,0,0,1,1,0,1,0
0,0,0,0,0,0,0,0,0,0,1,1,0,0,0,1,1,0,0,0
0,1,1,0,1,1,0,1,1,1,1,1,0,1,1,1,1,0,1,0
0,0,0,0,0,0,0,0,0,0,1,0,0,0,0,1,1,1,1,0
0,0,0,0,0,0,1,0,0,0,1,0,0,0,0,1,1,0,1,0
0,0,0,0,0,1,1,1,0,0,1,1,0,1,0,1,1,0,1,0
0,0,0,0,0,0,0,0,0,0,1,0,0,0,0,1,1,0,0,0
0,0,0,0,0,0,0,0,0,0,1,0,0,0,0,1,1,0,1,0
0,0,0,0,0,0,0,1,0,0,1,1,0,0,0,1,1,0,1,0
0,0,0,0,0,0,0,0,0,0,1,0,0,0,0,0,1,0,1,0
0,0,0,0,0,0,0,0,0,0,1,1,0,0,0,1,1,0,1,0
0,1,0,0,1,1,0,0,0,0,1,0,0,0,0,1,1,0,1,0
0,0,0,0,0,0,0,0,0,0,1,1,0,0,0,1,1,0,1,0
0,0,0,0,0,0,0,1,0,0,1,1,0,0,0,1,1,0,1,0
0,1,1,0,0,1,0,1,0,1,1,1,0,1,0,1,1,0,1,0
0,1,1,0,0,1,0,0,0,0,1,1,0,0,0,1,1,0,1,0
0,0,1,0,0,0,0,0,0,0,1,1,0,0,0,1,1,0,1,0
0,0,0,0,0,0,0,0,0,0,1,0,0,0,0,1,1,0,1,0
0,0,0,0,0,0,0,1,0,0,1,1,0,0,0,1,1,1,1,0
0,0,0,0,0,1,0,0,0,0,1,0,0,1,0,1,1,0,1,0
0,0,0,0,0,0,0,0,0,0,1,0,0,0,0,1,1,0,1,0
0,0,0,0,0,0,0,1,0,0,1,0,0,0,0,1,1,0,1,0
0,0,0,0,1,0,0,1,0,0,1,1,0,0,0,1,1,0,1,0
0,0,0,0,0,1,1,0,0,0,1,1,0,0,0,1,1,0,1,0
0,0,0,0,0,0,0,0,0,0,1,0,0,0,0,1,1,0,1,0
0,0,0,0,0,0,0,0,0,0,1,1,0,0,0,1,1,0,1,0
0,0,0,0,0,0,0,0,0,0,1,0,0,0,0,1,1,0,1,0
0,0,1,0,1,0,1,1,1,0,1,0,0,0,0,1,1,0,1,0
0,0,0,0,0,0,0,0,0,0,1,1,0,0,0,1,1,0,0,0
0,1,0,0,1,1,0,0,0,0,1,0,0,0,0,1,1,0,1,0
0,1,0,0,0,0,0,0,0,0,1,0,0,0,0,1,1,0,1,0
0,0,0,0,0,0,0,0,0,0,0,0,0,0,0,0,0,0,0,0
0,0,0,0,0,0,0,1,0,0,1,1,0,0,0,1,1,0,0,0
0,0,0,1,0,1,0,0,0,0,0,0,1,0,1,0,0,0,0,1
0,0,0,0,1,1,0,0,1,0,1,0,1,1,1,0,1,0,0,1
0,0,0,1,1,1,0,0,0,0,1,0,1,1,1,0,0,0,0,1
0,0,0,1,1,1,0,0,1,0,0,0,0,0,0,0,0,0,0,1
0,0,0,0,0,0,1,0,0,0,1,0,0,0,0,1,1,0,1,0
0,0,0,0,0,0,0,0,0,0,1,0,0,0,0,1,1,0,0,0
0,1,0,0,0,1,1,0,0,0,1,0,0,0,0,1,1,0,0,0
0,0,0,0,1,1,1,0,0,0,1,1,0,0,0,1,1,1,1,0
0,1,0,0,1,1,0,1,0,0,1,1,0,0,0,1,1,1,1,0
0,0,0,0,0,0,0,0,0,0,1,1,0,0,0,1,1,0,1,0
0,0,0,0,0,0,0,0,0,0,1,1,0,0,0,1,1,0,1,0
0,0,0,0,0,1,0,0,0,0,1,1,0,0,1,1,1,0,1,0
0,0,0,1,1,1,0,0,1,0,1,1,0,0,0,1,1,0,1,0
0,0,0,0,0,0,0,0,0,0,1,1,0,0,0,1,1,0,1,0
0,0,0,0,0,0,0,0,0,0,1,1,0,0,0,1,1,0,1,0
0,0,0,0,1,1,0,1,0,0,1,1,0,0,0,1,1,0,1,0
0,1,1,0,1,0,1,1,0,0,1,0,0,0,0,1,1,0,1,0
0,0,1,0,1,1,1,0,0,1,1,1,0,1,0,1,1,0,1,0
0,0,0,0,1,0,0,0,0,0,1,1,0,0,0,1,1,0,1,0
0,1,0,0,1,1,0,0,0,0,1,0,0,0,0,1,1,0,1,0
0,0,0,0,0,0,0,0,0,0,1,1,0,0,0,1,1,0,1,0
0,0,1,0,0,1,0,0,0,0,1,1,0,0,0,1,1,0,1,0
0,0,0,0,0,0,0,0,0,0,1,0,0,0,0,1,1,0,0,0
0,0,0,0,0,0,0,0,0,0,1,0,0,0,0,1,1,0,1,0
0,1,1,0,1,1,1,1,0,1,1,1,0,1,1,1,1,0,1,0
0,0,0,0,0,1,0,0,1,0,1,0,0,0,0,1,1,0,0,0
0,0,0,0,0,0,0,0,0,0,1,1,0,0,1,1,1,0,1,0
0,0,0,0,0,0,0,1,0,0,1,0,0,0,0,1,1,0,1,0
0,0,0,0,0,1,1,0,0,0,1,0,0,0,0,1,1,0,1,0
0,0,0,0,0,0,0,0,0,0,1,0,0,0,0,1,1,0,1,0
0,0,0,0,0,1,0,0,0,0,1,0,0,0,0,1,1,1,1,0
1,1,0,1,1,1,0,1,1,1,1,1,0,1,0,1,1,0,1,0
0,1,0,0,1,0,0,0,0,0,1,0,0,0,0,1,1,0,1,0
0,0,1,1,0,1,0,1,0,0,1,1,1,1,0,1,1,0,1,0
0,1,1,0,1,1,0,0,0,0,1,1,0,0,0,1,1,0,1,0
0,0,0,0,1,1,1,1,0,0,1,0,0,0,0,1,1,0,1,0
0,0,0,0,0,1,0,1,0,0,1,1,0,1,0,1,1,0,1,0
0,0,0,0,0,0,0,0,0,0,1,1,0,0,0,1,1,0,1,0
0,1,0,1,1,1,0,0,1,0,1,1,1,0,1,1,1,0,1,0
0,0,0,0,1,0,0,1,0,0,1,0,0,0,0,1,1,0,1,0
0,0,0,0,0,0,0,0,0,0,1,1,0,0,0,1,1,0,1,0
1,1,1,0,1,1,1,0,0,0,1,1,0,1,0,1,1,0,1,0
0,0,0,0,0,0,0,0,0,0,1,0,0,0,0,1,1,0,1,0
0,0,0,0,0,0,0,0,0,0,1,1,0,0,0,1,1,0,0,0
0,0,0,0,0,0,0,0,0,0,1,1,0,0,0,1,1,0,1,0
0,0,0,0,0,1,0,1,0,0,1,0,0,0,0,1,1,1,1,0
0,0,0,0,0,0,0,1,0,0,1,1,0,0,0,1,1,0,1,0
1,0,0,0,0,0,0,1,0,0,1,0,0,0,0,1,1,0,1,0
0,0,0,0,0,0,0,0,0,0,1,0,0,0,0,1,1,0,1,0
0,0,0,0,0,0,0,0,0,0,1,1,0,0,0,1,1,0,0,0
0,0,0,0,0,0,0,1,0,0,1,1,0,0,0,1,1,0,1,0
0,0,0,0,0,0,0,1,0,0,1,1,0,0,0,1,1,0,1,0
0,0,0,0,0,0,0,0,0,0,1,1,0,0,0,1,1,0,1,0
0,0,0,0,0,0,0,1,0,0,1,1,0,0,0,1,1,0,1,0
0,0,0,0,0,0,0,0,0,0,1,1,0,0,0,1,1,0,1,0
0,0,0,0,0,0,0,0,0,0,1,1,0,0,0,1,1,0,1,0
0,0,0,0,0,0,0,0,0,0,1,1,0,0,0,1,1,0,0,0
0,0,0,0,0,0,0,1,0,0,1,1,0,0,0,1,1,0,1,0
0,0,0,0,0,0,0,0,0,0,1,1,0,0,0,1,1,0,0,0
0,0,0,0,0,0,0,0,0,0,1,1,0,0,0,1,1,0,0,0
0,0,0,0,0,0,0,0,0,0,1,1,0,0,0,1,1,0,1,0
0,0,0,0,0,0,0,0,0,0,1,1,0,0,0,1,1,0,1,0
0,0,0,0,0,1,0,1,1,0,1,1,0,1,0,1,1,0,1,0
0,0,0,0,0,0,0,0,0,0,1,0,0,0,0,1,1,0,1,0
0,0,0,0,0,0,0,0,0,0,1,0,0,0,0,1,1,0,1,0
0,0,0,0,1,0,0,0,0,0,1,0,0,0,0,1,1,0,1,0
0,0,0,0,0,0,0,1,0,0,1,1,0,0,0,1,1,0,1,0
0,1,1,1,1,1,1,0,1,1,1,1,0,1,0,1,1,0,1,0
0,0,0,0,0,0,0,0,0,0,1,0,0,0,0,1,1,0,1,0
0,0,0,0,0,0,0,1,0,0,1,1,0,0,0,1,1,0,1,0
0,0,0,0,0,0,0,0,0,0,1,0,0,0,0,1,1,0,1,0
0,0,0,0,0,0,0,0,0,0,1,1,0,0,0,1,1,0,1,0
0,0,0,0,0,0,0,0,0,0,1,1,0,0,0,1,1,0,1,0
0,0,0,0,0,0,0,0,0,0,1,0,0,0,0,1,1,0,1,0
0,0,0,0,0,0,0,0,0,0,1,0,0,0,0,1,1,0,1,0
0,0,0,0,0,0,0,1,0,0,1,1,0,0,0,1,1,0,1,0
0,0,0,0,0,0,0,1,0,0,1,1,0,0,0,1,1,0,1,0
0,1,0,0,1,1,0,0,0,0,1,0,0,0,0,1,1,0,1,0
0,0,0,0,0,0,0,0,0,0,1,0,0,0,0,1,1,0,0,0
0,0,0,0,0,0,0,1,0,0,1,1,0,0,0,1,1,0,1,0
0,0,0,0,0,0,0,1,0,0,1,1,0,0,0,1,1,0,1,0
0,0,0,0,0,0,0,0,0,0,1,1,0,0,0,1,1,0,1,0
0,0,0,0,0,0,0,0,0,0,1,0,0,0,0,1,1,1,1,0
0,0,0,0,0,0,0,1,0,0,1,1,0,0,1,1,1,0,1,0
0,0,0,0,0,0,0,1,0,0,1,1,0,0,0,1,1,0,1,0
0,0,0,0,0,0,0,0,0,0,1,1,0,1,1,1,1,1,1,0
0,0,0,0,0,0,0,0,0,0,1,1,0,0,0,1,1,0,1,0
0,0,0,0,0,0,1,1,0,0,1,0,0,0,0,1,1,1,1,0
0,1,0,0,1,1,0,1,0,0,1,0,0,0,0,1,1,0,1,0
0,0,0,0,0,0,0,1,0,0,1,1,0,0,0,1,1,0,1,0
0,0,0,0,0,0,0,1,0,0,1,1,0,0,0,1,1,0,1,0
0,1,0,0,1,1,0,0,0,1,1,1,0,1,1,1,1,0,1,1
